Date,AdjClose
02/11/2008,1339.130005
02/12/2008,1348.859985
02/13/08,1367.209961
02/14/08,1348.859985
02/15/08,1349.98999
02/19/08,1348.780029
02/20/08,1360.030029
02/21/08,1342.530029
02/22/08,1353.109985
02/25/08,1371.800049
02/26/08,1381.290039
02/27/08,1380.02002
02/28/08,1367.680054
02/29/08,1330.630005
03/03/2008,1331.339966
03/04/2008,1326.75
03/05/2008,1333.699951
03/06/2008,1304.339966
03/07/2008,1293.369995
03/10/2008,1273.369995
03/11/2008,1320.650024
03/12/2008,1308.77002
03/13/08,1315.47998
03/14/08,1288.140015
03/17/08,1276.599976
03/18/08,1330.73999
03/19/08,1298.420044
03/20/08,1329.51001
03/24/08,1349.880005
03/25/08,1352.98999
03/26/08,1341.130005
03/27/08,1325.76001
03/28/08,1315.219971
03/31/08,1322.699951
04/01/2008,1370.180054
04/02/2008,1367.530029
04/03/2008,1369.310059
04/04/2008,1370.400024
04/07/2008,1372.540039
04/08/2008,1365.540039
04/09/2008,1354.48999
04/10/2008,1360.550049
04/11/2008,1332.829956
04/14/08,1328.319946
04/15/08,1334.430054
04/16/08,1364.709961
04/17/08,1365.560059
04/18/08,1390.329956
04/21/08,1388.170044
04/22/08,1375.939941
04/23/08,1379.930054
04/24/08,1388.819946
04/25/08,1397.839966
04/28/08,1396.369995
04/29/08,1390.939941
04/30/08,1385.589966
05/01/2008,1409.339966
05/02/2008,1413.900024
05/05/2008,1407.48999
05/06/2008,1418.26001
05/07/2008,1392.569946
05/08/2008,1397.680054
05/09/2008,1388.280029
05/12/2008,1403.579956
05/13/08,1403.040039
05/14/08,1408.660034
05/15/08,1423.569946
05/16/08,1425.349976
05/19/08,1426.630005
05/20/08,1413.400024
05/21/08,1390.709961
05/22/08,1394.349976
05/23/08,1375.930054
05/27/08,1385.349976
05/28/08,1390.839966
05/29/08,1398.26001
05/30/08,1400.380005
06/02/2008,1385.670044
06/03/2008,1377.650024
06/04/2008,1377.199951
06/05/2008,1404.050049
06/06/2008,1360.680054
06/09/2008,1361.76001
06/10/2008,1358.439941
06/11/2008,1335.48999
06/12/2008,1339.869995
06/13/08,1360.030029
06/16/08,1360.140015
06/17/08,1350.930054
06/18/08,1337.810059
06/19/08,1342.829956
06/20/08,1317.930054
06/23/08,1318
06/24/08,1314.290039
06/25/08,1321.969971
06/26/08,1283.150024
06/27/08,1278.380005
06/30/08,1280
07/01/2008,1284.910034
07/02/2008,1261.52002
07/03/2008,1262.900024
07/07/2008,1252.310059
07/08/2008,1273.699951
07/09/2008,1244.689941
07/10/2008,1253.390015
07/11/2008,1239.48999
07/14/08,1228.300049
07/15/08,1214.910034
07/16/08,1245.359985
07/17/08,1260.319946
07/18/08,1260.680054
07/21/08,1260
07/22/08,1277
07/23/08,1282.189941
07/24/08,1252.540039
07/25/08,1257.76001
07/28/08,1234.369995
07/29/08,1263.199951
07/30/08,1284.26001
07/31/08,1267.380005
08/01/2008,1260.310059
08/04/2008,1249.01001
08/05/2008,1284.880005
08/06/2008,1289.189941
08/07/2008,1266.069946
08/08/2008,1296.319946
08/11/2008,1305.319946
08/12/2008,1289.589966
08/13/08,1285.829956
08/14/08,1292.930054
08/15/08,1298.199951
08/18/08,1278.599976
08/19/08,1266.689941
08/20/08,1274.540039
08/21/08,1277.719971
08/22/08,1292.199951
08/25/08,1266.839966
08/26/08,1271.51001
08/27/08,1281.660034
08/28/08,1300.680054
08/29/08,1282.829956
09/02/2008,1277.579956
09/03/2008,1274.97998
09/04/2008,1236.829956
09/05/2008,1242.310059
09/08/2008,1267.790039
09/09/2008,1224.51001
09/10/2008,1232.040039
09/11/2008,1249.050049
09/12/2008,1251.699951
09/15/08,1192.699951
09/16/08,1213.599976
09/17/08,1156.390015
09/18/08,1206.51001
09/19/08,1255.079956
09/22/08,1207.089966
09/23/08,1188.219971
09/24/08,1185.869995
09/25/08,1209.180054
09/26/08,1213.27002
09/29/08,1106.420044
09/30/08,1166.359985
10/01/2008,1161.060059
10/02/2008,1114.280029
10/03/2008,1099.22998
10/06/2008,1056.890015
10/07/2008,996.22998
10/08/2008,984.940002
10/09/2008,909.919983
10/10/2008,899.219971
10/13/08,1003.349976
10/14/08,998.01001
10/15/08,907.840027
10/16/08,946.429993
10/17/08,940.549988
10/20/08,985.400024
10/21/08,955.049988
10/22/08,896.780029
10/23/08,908.109985
10/24/08,876.77002
10/27/08,848.919983
10/28/08,940.51001
10/29/08,930.090027
10/30/08,954.090027
10/31/08,968.75
11/03/2008,966.299988
11/04/2008,1005.75
11/05/2008,952.77002
11/06/2008,904.880005
11/07/2008,930.98999
11/10/2008,919.210022
11/11/2008,898.950012
11/12/2008,852.299988
11/13/08,911.289978
11/14/08,873.289978
11/17/08,850.75
11/18/08,859.119995
11/19/08,806.580017
11/20/08,752.440002
11/21/08,800.030029
11/24/08,851.809998
11/25/08,857.390015
11/26/08,887.679993
11/28/08,896.23999
12/01/2008,816.210022
12/02/2008,848.809998
12/03/2008,870.73999
12/04/2008,845.219971
12/05/2008,876.070007
12/08/2008,909.700012
12/09/2008,888.669983
12/10/2008,899.23999
12/11/2008,873.590027
12/12/2008,879.72998
12/15/08,868.570007
12/16/08,913.179993
12/17/08,904.419983
12/18/08,885.280029
12/19/08,887.880005
12/22/08,871.630005
12/23/08,863.159973
12/24/08,868.150024
12/26/08,872.799988
12/29/08,869.419983
12/30/08,890.640015
12/31/08,903.25
01/02/2009,931.799988
01/05/2009,927.450012
01/06/2009,934.700012
01/07/2009,906.650024
01/08/2009,909.72998
01/09/2009,890.349976
01/12/2009,870.26001
01/13/09,871.789978
01/14/09,842.619995
01/15/09,843.73999
01/16/09,850.119995
01/20/09,805.219971
01/21/09,840.23999
01/22/09,827.5
01/23/09,831.950012
01/26/09,836.570007
01/27/09,845.710022
01/28/09,874.090027
01/29/09,845.140015
01/30/09,825.880005
02/02/2009,825.440002
02/03/2009,838.51001
02/04/2009,832.22998
02/05/2009,845.849976
02/06/2009,868.599976
02/09/2009,869.890015
02/10/2009,827.159973
02/11/2009,833.73999
02/12/2009,835.190002
02/13/09,826.840027
02/17/09,789.169983
02/18/09,788.419983
02/19/09,778.940002
02/20/09,770.049988
02/23/09,743.330017
02/24/09,773.140015
02/25/09,764.900024
02/26/09,752.830017
02/27/09,735.090027
03/02/2009,700.820007
03/03/2009,696.330017
03/04/2009,712.869995
03/05/2009,682.549988
03/06/2009,683.380005
03/09/2009,676.530029
03/10/2009,719.599976
03/11/2009,721.359985
03/12/2009,750.73999
03/13/09,756.549988
03/16/09,753.890015
03/17/09,778.119995
03/18/09,794.349976
03/19/09,784.039978
03/20/09,768.539978
03/23/09,822.919983
03/24/09,806.119995
03/25/09,813.880005
03/26/09,832.859985
03/27/09,815.940002
03/30/09,787.530029
03/31/09,797.869995
04/01/2009,811.080017
04/02/2009,834.380005
04/03/2009,842.5
04/06/2009,835.47998
04/07/2009,815.549988
04/08/2009,825.159973
04/09/2009,856.559998
04/13/09,858.72998
04/14/09,841.5
04/15/09,852.059998
04/16/09,865.299988
04/17/09,869.599976
04/20/09,832.390015
04/21/09,850.080017
04/22/09,843.549988
04/23/09,851.919983
04/24/09,866.22998
04/27/09,857.51001
04/28/09,855.159973
04/29/09,873.640015
04/30/09,872.809998
05/01/2009,877.52002
05/04/2009,907.23999
05/05/2009,903.799988
05/06/2009,919.530029
05/07/2009,907.390015
05/08/2009,929.22998
05/11/2009,909.23999
05/12/2009,908.349976
05/13/09,883.919983
05/14/09,893.070007
05/15/09,882.880005
05/18/09,909.710022
05/19/09,908.130005
05/20/09,903.469971
05/21/09,888.330017
05/22/09,887
05/26/09,910.330017
05/27/09,893.059998
05/28/09,906.830017
05/29/09,919.140015
06/01/2009,942.869995
06/02/2009,944.73999
06/03/2009,931.76001
06/04/2009,942.460022
06/05/2009,940.090027
06/08/2009,939.140015
06/09/2009,942.429993
06/10/2009,939.150024
06/11/2009,944.890015
06/12/2009,946.210022
06/15/09,923.719971
06/16/09,911.969971
06/17/09,910.710022
06/18/09,918.369995
06/19/09,921.22998
06/22/09,893.039978
06/23/09,895.099976
06/24/09,900.940002
06/25/09,920.26001
06/26/09,918.900024
06/29/09,927.22998
06/30/09,919.320007
07/01/2009,923.330017
07/02/2009,896.419983
07/06/2009,898.719971
07/07/2009,881.030029
07/08/2009,879.559998
07/09/2009,882.679993
07/10/2009,879.130005
07/13/09,901.049988
07/14/09,905.840027
07/15/09,932.679993
07/16/09,940.73999
07/17/09,940.380005
07/20/09,951.130005
07/21/09,954.580017
07/22/09,954.070007
07/23/09,976.289978
07/24/09,979.26001
07/27/09,982.179993
07/28/09,979.619995
07/29/09,975.150024
07/30/09,986.75
07/31/09,987.47998
08/03/2009,1002.630005
08/04/2009,1005.650024
08/05/2009,1002.719971
08/06/2009,997.080017
08/07/2009,1010.47998
08/10/2009,1007.099976
08/11/2009,994.349976
08/12/2009,1005.809998
08/13/09,1012.72998
08/14/09,1004.090027
08/17/09,979.72998
08/18/09,989.669983
08/19/09,996.460022
08/20/09,1007.369995
08/21/09,1026.130005
08/24/09,1025.569946
08/25/09,1028
08/26/09,1028.119995
08/27/09,1030.97998
08/28/09,1028.930054
08/31/09,1020.619995
09/01/2009,998.039978
09/02/2009,994.75
09/03/2009,1003.23999
09/04/2009,1016.400024
09/08/2009,1025.390015
09/09/2009,1033.369995
09/10/2009,1044.140015
09/11/2009,1042.72998
09/14/09,1049.339966
09/15/09,1052.630005
09/16/09,1068.76001
09/17/09,1065.48999
09/18/09,1068.300049
09/21/09,1064.660034
09/22/09,1071.660034
09/23/09,1060.869995
09/24/09,1050.780029
09/25/09,1044.380005
09/28/09,1062.97998
09/29/09,1060.609985
09/30/09,1057.079956
10/01/2009,1029.849976
10/02/2009,1025.209961
10/05/2009,1040.459961
10/06/2009,1054.719971
10/07/2009,1057.579956
10/08/2009,1065.47998
10/09/2009,1071.48999
10/12/2009,1076.189941
10/13/09,1073.189941
10/14/09,1092.02002
10/15/09,1096.560059
10/16/09,1087.680054
10/19/09,1097.910034
10/20/09,1091.060059
10/21/09,1081.400024
10/22/09,1092.910034
10/23/09,1079.599976
10/26/09,1066.949951
10/27/09,1063.410034
10/28/09,1042.630005
10/29/09,1066.109985
10/30/09,1036.189941
11/02/2009,1042.880005
11/03/2009,1045.410034
11/04/2009,1046.5
11/05/2009,1066.630005
11/06/2009,1069.300049
11/09/2009,1093.079956
11/10/2009,1093.01001
11/11/2009,1098.51001
11/12/2009,1087.23999
11/13/09,1093.47998
11/16/09,1109.300049
11/17/09,1110.319946
11/18/09,1109.800049
11/19/09,1094.900024
11/20/09,1091.380005
11/23/09,1106.23999
11/24/09,1105.650024
11/25/09,1110.630005
11/27/09,1091.48999
11/30/09,1095.630005
12/01/2009,1108.859985
12/02/2009,1109.23999
12/03/2009,1099.920044
12/04/2009,1105.97998
12/07/2009,1103.25
12/08/2009,1091.939941
12/09/2009,1095.949951
12/10/2009,1102.349976
12/11/2009,1106.410034
12/14/09,1114.109985
12/15/09,1107.930054
12/16/09,1109.180054
12/17/09,1096.079956
12/18/09,1102.469971
12/21/09,1114.050049
12/22/09,1118.02002
12/23/09,1120.589966
12/24/09,1126.47998
12/28/09,1127.780029
12/29/09,1126.199951
12/30/09,1126.420044
12/31/09,1115.099976
01/04/2010,1132.98999
01/05/2010,1136.52002
01/06/2010,1137.140015
01/07/2010,1141.689941
01/08/2010,1144.97998
01/11/2010,1146.97998
01/12/2010,1136.219971
01/13/10,1145.680054
01/14/10,1148.459961
01/15/10,1136.030029
01/19/10,1150.22998
01/20/10,1138.040039
01/21/10,1116.47998
01/22/10,1091.76001
01/25/10,1096.780029
01/26/10,1092.170044
01/27/10,1097.5
01/28/10,1084.530029
01/29/10,1073.869995
02/01/2010,1089.189941
02/02/2010,1103.319946
02/03/2010,1097.280029
02/04/2010,1063.109985
02/05/2010,1066.189941
02/08/2010,1056.73999
02/09/2010,1070.52002
02/10/2010,1068.130005
02/11/2010,1078.469971
02/12/2010,1075.51001
02/16/10,1094.869995
02/17/10,1099.51001
02/18/10,1106.75
02/19/10,1109.170044
02/22/10,1108.01001
02/23/10,1094.599976
02/24/10,1105.23999
02/25/10,1102.939941
02/26/10,1104.48999
03/01/2010,1115.709961
03/02/2010,1118.310059
03/03/2010,1118.790039
03/04/2010,1122.969971
03/05/2010,1138.699951
03/08/2010,1138.5
03/09/2010,1140.449951
03/10/2010,1145.609985
03/11/2010,1150.23999
03/12/2010,1149.98999
03/15/10,1150.51001
03/16/10,1159.459961
03/17/10,1166.209961
03/18/10,1165.829956
03/19/10,1159.900024
03/22/10,1165.810059
03/23/10,1174.170044
03/24/10,1167.719971
03/25/10,1165.72998
03/26/10,1166.589966
03/29/10,1173.219971
03/30/10,1173.27002
03/31/10,1169.430054
04/01/2010,1178.099976
04/05/2010,1187.439941
04/06/2010,1189.439941
04/07/2010,1182.449951
04/08/2010,1186.439941
04/09/2010,1194.369995
04/12/2010,1196.47998
04/13/10,1197.300049
04/14/10,1210.650024
04/15/10,1211.670044
04/16/10,1192.130005
04/19/10,1197.52002
04/20/10,1207.170044
04/21/10,1205.939941
04/22/10,1208.670044
04/23/10,1217.280029
04/26/10,1212.050049
04/27/10,1183.709961
04/28/10,1191.359985
04/29/10,1206.780029
04/30/10,1186.689941
05/03/2010,1202.26001
05/04/2010,1173.599976
05/05/2010,1165.869995
05/06/2010,1128.150024
05/07/2010,1110.880005
05/10/2010,1159.72998
05/11/2010,1155.790039
05/12/2010,1171.670044
05/13/10,1157.439941
05/14/10,1135.680054
05/17/10,1136.939941
05/18/10,1120.800049
05/19/10,1115.050049
05/20/10,1071.589966
05/21/10,1087.689941
05/24/10,1073.650024
05/25/10,1074.030029
05/26/10,1067.949951
05/27/10,1103.060059
05/28/10,1089.410034
06/01/2010,1070.709961
06/02/2010,1098.380005
06/03/2010,1102.829956
06/04/2010,1064.880005
06/07/2010,1050.469971
06/08/2010,1062
06/09/2010,1055.689941
06/10/2010,1086.839966
06/11/2010,1091.599976
06/14/10,1089.630005
06/15/10,1115.22998
06/16/10,1114.609985
06/17/10,1116.040039
06/18/10,1117.51001
06/21/10,1113.199951
06/22/10,1095.310059
06/23/10,1092.040039
06/24/10,1073.689941
06/25/10,1076.76001
06/28/10,1074.569946
06/29/10,1041.23999
06/30/10,1030.709961
07/01/2010,1027.369995
07/02/2010,1022.580017
07/06/2010,1028.060059
07/07/2010,1060.27002
07/08/2010,1070.25
07/09/2010,1077.959961
07/12/2010,1078.75
07/13/10,1095.339966
07/14/10,1095.170044
07/15/10,1096.47998
07/16/10,1064.880005
07/19/10,1071.25
07/20/10,1083.47998
07/21/10,1069.589966
07/22/10,1093.670044
07/23/10,1102.660034
07/26/10,1115.01001
07/27/10,1113.839966
07/28/10,1106.130005
07/29/10,1101.530029
07/30/10,1101.599976
08/02/2010,1125.859985
08/03/2010,1120.459961
08/04/2010,1127.23999
08/05/2010,1125.810059
08/06/2010,1121.640015
08/09/2010,1127.790039
08/10/2010,1121.060059
08/11/2010,1089.469971
08/12/2010,1083.609985
08/13/10,1079.25
08/16/10,1079.380005
08/17/10,1092.540039
08/18/10,1094.160034
08/19/10,1075.630005
08/20/10,1071.689941
08/23/10,1067.359985
08/24/10,1051.869995
08/25/10,1055.329956
08/26/10,1047.219971
08/27/10,1064.589966
08/30/10,1048.920044
08/31/10,1049.329956
09/01/2010,1080.290039
09/02/2010,1090.099976
09/03/2010,1104.51001
09/07/2010,1091.839966
09/08/2010,1098.869995
09/09/2010,1104.180054
09/10/2010,1109.550049
09/13/10,1121.900024
09/14/10,1121.099976
09/15/10,1125.069946
09/16/10,1124.660034
09/17/10,1125.589966
09/20/10,1142.709961
09/21/10,1139.780029
09/22/10,1134.280029
09/23/10,1124.829956
09/24/10,1148.670044
09/27/10,1142.160034
09/28/10,1147.699951
09/29/10,1144.72998
09/30/10,1141.199951
10/01/2010,1146.23999
10/04/2010,1137.030029
10/05/2010,1160.75
10/06/2010,1159.969971
10/07/2010,1158.060059
10/08/2010,1165.150024
10/11/2010,1165.319946
10/12/2010,1169.77002
10/13/10,1178.099976
10/14/10,1173.810059
10/15/10,1176.189941
10/18/10,1184.709961
10/19/10,1165.900024
10/20/10,1178.170044
10/21/10,1180.26001
10/22/10,1183.079956
10/25/10,1185.619995
10/26/10,1185.640015
10/27/10,1182.449951
10/28/10,1183.780029
10/29/10,1183.26001
11/01/2010,1184.380005
11/02/2010,1193.569946
11/03/2010,1197.959961
11/04/2010,1221.060059
11/05/2010,1225.849976
11/08/2010,1223.25
11/09/2010,1213.400024
11/10/2010,1218.709961
11/11/2010,1213.540039
11/12/2010,1199.209961
11/15/10,1197.75
11/16/10,1178.339966
11/17/10,1178.589966
11/18/10,1196.689941
11/19/10,1199.72998
11/22/10,1197.839966
11/23/10,1180.72998
11/24/10,1198.349976
11/26/10,1189.400024
11/29/10,1187.76001
11/30/10,1180.550049
12/01/2010,1206.069946
12/02/2010,1221.530029
12/03/2010,1224.709961
12/06/2010,1223.119995
12/07/2010,1223.75
12/08/2010,1228.280029
12/09/2010,1233
12/10/2010,1240.400024
12/13/10,1240.459961
12/14/10,1241.589966
12/15/10,1235.22998
12/16/10,1242.869995
12/17/10,1243.910034
12/20/10,1247.079956
12/21/10,1254.599976
12/22/10,1258.839966
12/23/10,1256.77002
12/27/10,1257.540039
12/28/10,1258.51001
12/29/10,1259.780029
12/30/10,1257.880005
12/31/10,1257.640015
01/03/2011,1271.869995
01/04/2011,1270.199951
01/05/2011,1276.560059
01/06/2011,1273.849976
01/07/2011,1271.5
01/10/2011,1269.75
01/11/2011,1274.47998
01/12/2011,1285.959961
01/13/11,1283.76001
01/14/11,1293.23999
01/18/11,1295.02002
01/19/11,1281.920044
01/20/11,1280.26001
01/21/11,1283.349976
01/24/11,1290.839966
01/25/11,1291.180054
01/26/11,1296.630005
01/27/11,1299.540039
01/28/11,1276.339966
01/31/11,1286.119995
02/01/2011,1307.589966
02/02/2011,1304.030029
02/03/2011,1307.099976
02/04/2011,1310.869995
02/07/2011,1319.050049
02/08/2011,1324.569946
02/09/2011,1320.880005
02/10/2011,1321.869995
02/11/2011,1329.150024
02/14/11,1332.319946
02/15/11,1328.01001
02/16/11,1336.319946
02/17/11,1340.430054
02/18/11,1343.01001
02/22/11,1315.439941
02/23/11,1307.400024
02/24/11,1306.099976
02/25/11,1319.880005
02/28/11,1327.219971
03/01/2011,1306.329956
03/02/2011,1308.439941
03/03/2011,1330.969971
03/04/2011,1321.150024
03/07/2011,1310.130005
03/08/2011,1321.819946
03/09/2011,1320.02002
03/10/2011,1295.109985
03/11/2011,1304.280029
03/14/11,1296.390015
03/15/11,1281.869995
03/16/11,1256.880005
03/17/11,1273.719971
03/18/11,1279.209961
03/21/11,1298.380005
03/22/11,1293.77002
03/23/11,1297.540039
03/24/11,1309.660034
03/25/11,1313.800049
03/28/11,1310.189941
03/29/11,1319.439941
03/30/11,1328.26001
03/31/11,1325.829956
04/01/2011,1332.410034
04/04/2011,1332.869995
04/05/2011,1332.630005
04/06/2011,1335.540039
04/07/2011,1333.51001
04/08/2011,1328.170044
04/11/2011,1324.459961
04/12/2011,1314.160034
04/13/11,1314.410034
04/14/11,1314.52002
04/15/11,1319.680054
04/18/11,1305.140015
04/19/11,1312.619995
04/20/11,1330.359985
04/21/11,1337.380005
04/25/11,1335.25
04/26/11,1347.23999
04/27/11,1355.660034
04/28/11,1360.47998
04/29/11,1363.609985
05/02/2011,1361.219971
05/03/2011,1356.619995
05/04/2011,1347.319946
05/05/2011,1335.099976
05/06/2011,1340.199951
05/09/2011,1346.290039
05/10/2011,1357.160034
05/11/2011,1342.079956
05/12/2011,1348.650024
05/13/11,1337.77002
05/16/11,1329.469971
05/17/11,1328.97998
05/18/11,1340.680054
05/19/11,1343.599976
05/20/11,1333.27002
05/23/11,1317.369995
05/24/11,1316.280029
05/25/11,1320.469971
05/26/11,1325.689941
05/27/11,1331.099976
05/31/11,1345.199951
06/01/2011,1314.550049
06/02/2011,1312.939941
06/03/2011,1300.160034
06/06/2011,1286.170044
06/07/2011,1284.939941
06/08/2011,1279.560059
06/09/2011,1289
06/10/2011,1270.97998
06/13/11,1271.829956
06/14/11,1287.869995
06/15/11,1265.420044
06/16/11,1267.640015
06/17/11,1271.5
06/20/11,1278.359985
06/21/11,1295.52002
06/22/11,1287.140015
06/23/11,1283.5
06/24/11,1268.449951
06/27/11,1280.099976
06/28/11,1296.670044
06/29/11,1307.410034
06/30/11,1320.640015
07/01/2011,1339.670044
07/05/2011,1337.880005
07/06/2011,1339.219971
07/07/2011,1353.219971
07/08/2011,1343.800049
07/11/2011,1319.48999
07/12/2011,1313.640015
07/13/11,1317.719971
07/14/11,1308.869995
07/15/11,1316.140015
07/18/11,1305.439941
07/19/11,1326.72998
07/20/11,1325.839966
07/21/11,1343.800049
07/22/11,1345.02002
07/25/11,1337.430054
07/26/11,1331.939941
07/27/11,1304.890015
07/28/11,1300.670044
07/29/11,1292.280029
08/01/2011,1286.939941
08/02/2011,1254.050049
08/03/2011,1260.339966
08/04/2011,1200.069946
08/05/2011,1199.380005
08/08/2011,1119.459961
08/09/2011,1172.530029
08/10/2011,1120.76001
08/11/2011,1172.640015
08/12/2011,1178.810059
08/15/11,1204.48999
08/16/11,1192.76001
08/17/11,1193.890015
08/18/11,1140.650024
08/19/11,1123.530029
08/22/11,1123.819946
08/23/11,1162.349976
08/24/11,1177.599976
08/25/11,1159.27002
08/26/11,1176.800049
08/29/11,1210.079956
08/30/11,1212.920044
08/31/11,1218.890015
09/01/2011,1204.420044
09/02/2011,1173.969971
09/06/2011,1165.23999
09/07/2011,1198.619995
09/08/2011,1185.900024
09/09/2011,1154.22998
09/12/2011,1162.27002
09/13/11,1172.869995
09/14/11,1188.680054
09/15/11,1209.109985
09/16/11,1216.01001
09/19/11,1204.089966
09/20/11,1202.089966
09/21/11,1166.76001
09/22/11,1129.560059
09/23/11,1136.430054
09/26/11,1162.949951
09/27/11,1175.380005
09/28/11,1151.060059
09/29/11,1160.400024
09/30/11,1131.420044
10/03/2011,1099.22998
10/04/2011,1123.949951
10/05/2011,1144.030029
10/06/2011,1164.969971
10/07/2011,1155.459961
10/10/2011,1194.890015
10/11/2011,1195.540039
10/12/2011,1207.25
10/13/11,1203.660034
10/14/11,1224.579956
10/17/11,1200.859985
10/18/11,1225.380005
10/19/11,1209.880005
10/20/11,1215.390015
10/21/11,1238.25
10/24/11,1254.189941
10/25/11,1229.050049
10/26/11,1242
10/27/11,1284.589966
10/28/11,1285.089966
10/31/11,1253.300049
11/01/2011,1218.280029
11/02/2011,1237.900024
11/03/2011,1261.150024
11/04/2011,1253.22998
11/07/2011,1261.119995
11/08/2011,1275.920044
11/09/2011,1229.099976
11/10/2011,1239.699951
11/11/2011,1263.849976
11/14/11,1251.780029
11/15/11,1257.810059
11/16/11,1236.910034
11/17/11,1216.130005
11/18/11,1215.650024
11/21/11,1192.97998
11/22/11,1188.040039
11/23/11,1161.790039
11/25/11,1158.670044
11/28/11,1192.550049
11/29/11,1195.189941
11/30/11,1246.959961
12/01/2011,1244.579956
12/02/2011,1244.280029
12/05/2011,1257.079956
12/06/2011,1258.469971
12/07/2011,1261.01001
12/08/2011,1234.349976
12/09/2011,1255.189941
12/12/2011,1236.469971
12/13/11,1225.72998
12/14/11,1211.819946
12/15/11,1215.75
12/16/11,1219.660034
12/19/11,1205.349976
12/20/11,1241.300049
12/21/11,1243.719971
12/22/11,1254
12/23/11,1265.329956
12/27/11,1265.430054
12/28/11,1249.640015
12/29/11,1263.02002
12/30/11,1257.599976
01/03/2012,1277.060059
01/04/2012,1277.300049
01/05/2012,1281.060059
01/06/2012,1277.810059
01/09/2012,1280.699951
01/10/2012,1292.079956
01/11/2012,1292.47998
01/12/2012,1295.5
01/13/12,1289.089966
01/17/12,1293.670044
01/18/12,1308.040039
01/19/12,1314.5
01/20/12,1315.380005
01/23/12,1316
01/24/12,1314.650024
01/25/12,1326.060059
01/26/12,1318.430054
01/27/12,1316.329956
01/30/12,1313.01001
01/31/12,1312.410034
02/01/2012,1324.089966
02/02/2012,1325.540039
02/03/2012,1344.900024
02/06/2012,1344.329956
02/07/2012,1347.050049
02/08/2012,1349.959961
02/09/2012,1351.949951
02/10/2012,1342.640015
02/13/12,1351.77002
02/14/12,1350.5
02/15/12,1343.22998
02/16/12,1358.040039
02/17/12,1361.22998
02/21/12,1362.209961
02/22/12,1357.660034
02/23/12,1363.459961
02/24/12,1365.73999
02/27/12,1367.589966
02/28/12,1372.180054
02/29/12,1365.680054
03/01/2012,1374.089966
03/02/2012,1369.630005
03/05/2012,1364.329956
03/06/2012,1343.359985
03/07/2012,1352.630005
03/08/2012,1365.910034
03/09/2012,1370.869995
03/12/2012,1371.089966
03/13/12,1395.949951
03/14/12,1394.280029
03/15/12,1402.599976
03/16/12,1404.170044
03/19/12,1409.75
03/20/12,1405.52002
03/21/12,1402.890015
03/22/12,1392.780029
03/23/12,1397.109985
03/26/12,1416.51001
03/27/12,1412.52002
03/28/12,1405.540039
03/29/12,1403.280029
03/30/12,1408.469971
04/02/2012,1419.040039
04/03/2012,1413.380005
04/04/2012,1398.959961
04/05/2012,1398.079956
04/09/2012,1382.199951
04/10/2012,1358.589966
04/11/2012,1368.709961
04/12/2012,1387.569946
04/13/12,1370.26001
04/16/12,1369.569946
04/17/12,1390.780029
04/18/12,1385.140015
04/19/12,1376.920044
04/20/12,1378.530029
04/23/12,1366.939941
04/24/12,1371.969971
04/25/12,1390.689941
04/26/12,1399.97998
04/27/12,1403.359985
04/30/12,1397.910034
05/01/2012,1405.819946
05/02/2012,1402.310059
05/03/2012,1391.569946
05/04/2012,1369.099976
05/07/2012,1369.579956
05/08/2012,1363.719971
05/09/2012,1354.579956
05/10/2012,1357.98999
05/11/2012,1353.390015
05/14/12,1338.349976
05/15/12,1330.660034
05/16/12,1324.800049
05/17/12,1304.859985
05/18/12,1295.219971
05/21/12,1315.98999
05/22/12,1316.630005
05/23/12,1318.859985
05/24/12,1320.680054
05/25/12,1317.819946
05/29/12,1332.420044
05/30/12,1313.319946
05/31/12,1310.329956
06/01/2012,1278.040039
06/04/2012,1278.180054
06/05/2012,1285.5
06/06/2012,1315.130005
06/07/2012,1314.98999
06/08/2012,1325.660034
06/11/2012,1308.930054
06/12/2012,1324.180054
06/13/12,1314.880005
06/14/12,1329.099976
06/15/12,1342.839966
06/18/12,1344.780029
06/19/12,1357.97998
06/20/12,1355.689941
06/21/12,1325.51001
06/22/12,1335.02002
06/25/12,1313.719971
06/26/12,1319.98999
06/27/12,1331.849976
06/28/12,1329.040039
06/29/12,1362.160034
07/02/2012,1365.51001
07/03/2012,1374.02002
07/05/2012,1367.579956
07/06/2012,1354.680054
07/09/2012,1352.459961
07/10/2012,1341.469971
07/11/2012,1341.449951
07/12/2012,1334.76001
07/13/12,1356.780029
07/16/12,1353.640015
07/17/12,1363.670044
07/18/12,1372.780029
07/19/12,1376.51001
07/20/12,1362.660034
07/23/12,1350.52002
07/24/12,1338.310059
07/25/12,1337.890015
07/26/12,1360.02002
07/27/12,1385.969971
07/30/12,1385.300049
07/31/12,1379.319946
08/01/2012,1375.319946
08/02/2012,1365
08/03/2012,1390.98999
08/06/2012,1394.22998
08/07/2012,1401.349976
08/08/2012,1402.219971
08/09/2012,1402.800049
08/10/2012,1405.869995
08/13/12,1404.109985
08/14/12,1403.930054
08/15/12,1405.530029
08/16/12,1415.51001
08/17/12,1418.160034
08/20/12,1418.130005
08/21/12,1413.170044
08/22/12,1413.48999
08/23/12,1402.079956
08/24/12,1411.130005
08/27/12,1410.439941
08/28/12,1409.300049
08/29/12,1410.48999
08/30/12,1399.47998
08/31/12,1406.579956
09/04/2012,1404.939941
09/05/2012,1403.439941
09/06/2012,1432.119995
09/07/2012,1437.920044
09/10/2012,1429.079956
09/11/2012,1433.560059
09/12/2012,1436.560059
09/13/12,1459.98999
09/14/12,1465.77002
09/17/12,1461.189941
09/18/12,1459.319946
09/19/12,1461.050049
09/20/12,1460.26001
09/21/12,1460.150024
09/24/12,1456.890015
09/25/12,1441.589966
09/26/12,1433.319946
09/27/12,1447.150024
09/28/12,1440.670044
10/01/2012,1444.48999
10/02/2012,1445.75
10/03/2012,1450.98999
10/04/2012,1461.400024
10/05/2012,1460.930054
10/08/2012,1455.880005
10/09/2012,1441.47998
10/10/2012,1432.560059
10/11/2012,1432.839966
10/12/2012,1428.589966
10/15/12,1440.130005
10/16/12,1454.920044
10/17/12,1460.910034
10/18/12,1457.339966
10/19/12,1433.189941
10/22/12,1433.819946
10/23/12,1413.109985
10/24/12,1408.75
10/25/12,1412.969971
10/26/12,1411.939941
10/31/12,1412.160034
11/01/2012,1427.589966
11/02/2012,1414.199951
11/05/2012,1417.26001
11/06/2012,1428.390015
11/07/2012,1394.530029
11/08/2012,1377.51001
11/09/2012,1379.849976
11/12/2012,1380.030029
11/13/12,1374.530029
11/14/12,1355.48999
11/15/12,1353.329956
11/16/12,1359.880005
11/19/12,1386.890015
11/20/12,1387.810059
11/21/12,1391.030029
11/23/12,1409.150024
11/26/12,1406.290039
11/27/12,1398.939941
11/28/12,1409.930054
11/29/12,1415.949951
11/30/12,1416.180054
12/03/2012,1409.459961
12/04/2012,1407.050049
12/05/2012,1409.280029
12/06/2012,1413.939941
12/07/2012,1418.069946
12/10/2012,1418.550049
12/11/2012,1427.839966
12/12/2012,1428.47998
12/13/12,1419.449951
12/14/12,1413.579956
12/17/12,1430.359985
12/18/12,1446.790039
12/19/12,1435.810059
12/20/12,1443.689941
12/21/12,1430.150024
12/24/12,1426.660034
12/26/12,1419.829956
12/27/12,1418.099976
12/28/12,1402.430054
12/31/12,1426.189941
01/02/2013,1462.420044
01/03/2013,1459.369995
01/04/2013,1466.469971
01/07/2013,1461.890015
01/08/2013,1457.150024
01/09/2013,1461.02002
01/10/2013,1472.119995
01/11/2013,1472.050049
01/14/13,1470.680054
01/15/13,1472.339966
01/16/13,1472.630005
01/17/13,1480.939941
01/18/13,1485.97998
01/22/13,1492.560059
01/23/13,1494.810059
01/24/13,1494.819946
01/25/13,1502.959961
01/28/13,1500.180054
01/29/13,1507.839966
01/30/13,1501.959961
01/31/13,1498.109985
02/01/2013,1513.170044
02/04/2013,1495.709961
02/05/2013,1511.290039
02/06/2013,1512.119995
02/07/2013,1509.390015
02/08/2013,1517.930054
02/11/2013,1517.01001
02/12/2013,1519.430054
02/13/13,1520.329956
02/14/13,1521.380005
02/15/13,1519.790039
02/19/13,1530.939941
02/20/13,1511.949951
02/21/13,1502.420044
02/22/13,1515.599976
02/25/13,1487.849976
02/26/13,1496.939941
02/27/13,1515.98999
02/28/13,1514.680054
03/01/2013,1518.199951
03/04/2013,1525.199951
03/05/2013,1539.790039
03/06/2013,1541.459961
03/07/2013,1544.26001
03/08/2013,1551.180054
03/11/2013,1556.219971
03/12/2013,1552.47998
03/13/13,1554.52002
03/14/13,1563.22998
03/15/13,1560.699951
03/18/13,1552.099976
03/19/13,1548.339966
03/20/13,1558.709961
03/21/13,1545.800049
03/22/13,1556.890015
03/25/13,1551.689941
03/26/13,1563.77002
03/27/13,1562.849976
03/28/13,1569.189941
04/01/2013,1562.170044
04/02/2013,1570.25
04/03/2013,1553.689941
04/04/2013,1559.97998
04/05/2013,1553.280029
04/08/2013,1563.069946
04/09/2013,1568.609985
04/10/2013,1587.72998
04/11/2013,1593.369995
04/12/2013,1588.849976
04/15/13,1552.359985
04/16/13,1574.569946
04/17/13,1552.01001
04/18/13,1541.609985
04/19/13,1555.25
04/22/13,1562.5
04/23/13,1578.780029
04/24/13,1578.790039
04/25/13,1585.160034
04/26/13,1582.23999
04/29/13,1593.609985
04/30/13,1597.569946
05/01/2013,1582.699951
05/02/2013,1597.589966
05/03/2013,1614.420044
05/06/2013,1617.5
05/07/2013,1625.959961
05/08/2013,1632.689941
05/09/2013,1626.670044
05/10/2013,1633.699951
05/13/13,1633.77002
05/14/13,1650.339966
05/15/13,1658.780029
05/16/13,1650.469971
05/17/13,1667.469971
05/20/13,1666.290039
05/21/13,1669.160034
05/22/13,1655.349976
05/23/13,1650.51001
05/24/13,1649.599976
05/28/13,1660.060059
05/29/13,1648.359985
05/30/13,1654.410034
05/31/13,1630.73999
06/03/2013,1640.420044
06/04/2013,1631.380005
06/05/2013,1608.900024
06/06/2013,1622.560059
06/07/2013,1643.380005
06/10/2013,1642.810059
06/11/2013,1626.130005
06/12/2013,1612.52002
06/13/13,1636.359985
06/14/13,1626.72998
06/17/13,1639.040039
06/18/13,1651.810059
06/19/13,1628.930054
06/20/13,1588.189941
06/21/13,1592.430054
06/24/13,1573.089966
06/25/13,1588.030029
06/26/13,1603.26001
06/27/13,1613.199951
06/28/13,1606.280029
07/01/2013,1614.959961
07/02/2013,1614.079956
07/03/2013,1615.410034
07/05/2013,1631.890015
07/08/2013,1640.459961
07/09/2013,1652.319946
07/10/2013,1652.619995
07/11/2013,1675.02002
07/12/2013,1680.189941
07/15/13,1682.5
07/16/13,1676.26001
07/17/13,1680.910034
07/18/13,1689.369995
07/19/13,1692.089966
07/22/13,1695.530029
07/23/13,1692.390015
07/24/13,1685.939941
07/25/13,1690.25
07/26/13,1691.650024
07/29/13,1685.329956
07/30/13,1685.959961
07/31/13,1685.72998
08/01/2013,1706.869995
08/02/2013,1709.670044
08/05/2013,1707.140015
08/06/2013,1697.369995
08/07/2013,1690.910034
08/08/2013,1697.47998
08/09/2013,1691.420044
08/12/2013,1689.469971
08/13/13,1694.160034
08/14/13,1685.390015
08/15/13,1661.319946
08/16/13,1655.829956
08/19/13,1646.060059
08/20/13,1652.349976
08/21/13,1642.800049
08/22/13,1656.959961
08/23/13,1663.5
08/26/13,1656.780029
08/27/13,1630.47998
08/28/13,1634.959961
08/29/13,1638.170044
08/30/13,1632.969971
09/03/2013,1639.77002
09/04/2013,1653.079956
09/05/2013,1655.079956
09/06/2013,1655.170044
09/09/2013,1671.709961
09/10/2013,1683.98999
09/11/2013,1689.130005
09/12/2013,1683.420044
09/13/13,1687.98999
09/16/13,1697.599976
09/17/13,1704.76001
09/18/13,1725.52002
09/19/13,1722.339966
09/20/13,1709.910034
09/23/13,1701.839966
09/24/13,1697.420044
09/25/13,1692.77002
09/26/13,1698.670044
09/27/13,1691.75
09/30/13,1681.550049
10/01/2013,1695
10/02/2013,1693.869995
10/03/2013,1678.660034
10/04/2013,1690.5
10/07/2013,1676.119995
10/08/2013,1655.449951
10/09/2013,1656.400024
10/10/2013,1692.560059
10/11/2013,1703.199951
10/14/13,1710.140015
10/15/13,1698.060059
10/16/13,1721.540039
10/17/13,1733.150024
10/18/13,1744.5
10/21/13,1744.660034
10/22/13,1754.670044
10/23/13,1746.380005
10/24/13,1752.069946
10/25/13,1759.77002
10/28/13,1762.109985
10/29/13,1771.949951
10/30/13,1763.310059
10/31/13,1756.540039
11/01/2013,1761.640015
11/04/2013,1767.930054
11/05/2013,1762.969971
11/06/2013,1770.48999
11/07/2013,1747.150024
11/08/2013,1770.609985
11/11/2013,1771.890015
11/12/2013,1767.689941
11/13/13,1782
11/14/13,1790.619995
11/15/13,1798.180054
11/18/13,1791.530029
11/19/13,1787.869995
11/20/13,1781.369995
11/21/13,1795.849976
11/22/13,1804.76001
11/25/13,1802.47998
11/26/13,1802.75
11/27/13,1807.22998
11/29/13,1805.810059
12/02/2013,1800.900024
12/03/2013,1795.150024
12/04/2013,1792.810059
12/05/2013,1785.030029
12/06/2013,1805.089966
12/09/2013,1808.369995
12/10/2013,1802.619995
12/11/2013,1782.219971
12/12/2013,1775.5
12/13/13,1775.319946
12/16/13,1786.540039
12/17/13,1781
12/18/13,1810.650024
12/19/13,1809.599976
12/20/13,1818.319946
12/23/13,1827.98999
12/24/13,1833.319946
12/26/13,1842.02002
12/27/13,1841.400024
12/30/13,1841.069946
12/31/13,1848.359985
01/02/2014,1831.97998
01/03/2014,1831.369995
01/06/2014,1826.77002
01/07/2014,1837.880005
01/08/2014,1837.48999
01/09/2014,1838.130005
01/10/2014,1842.369995
01/13/14,1819.199951
01/14/14,1838.880005
01/15/14,1848.380005
01/16/14,1845.890015
01/17/14,1838.699951
01/21/14,1843.800049
01/22/14,1844.859985
01/23/14,1828.459961
01/24/14,1790.290039
01/27/14,1781.560059
01/28/14,1792.5
01/29/14,1774.199951
01/30/14,1794.189941
01/31/14,1782.589966
02/03/2014,1741.890015
02/04/2014,1755.199951
02/05/2014,1751.640015
02/06/2014,1773.430054
02/07/2014,1797.02002
02/10/2014,1799.839966
02/11/2014,1819.75
02/12/2014,1819.26001
02/13/14,1829.829956
02/14/14,1838.630005
02/18/14,1840.76001
02/19/14,1828.75
02/20/14,1839.780029
02/21/14,1836.25
02/24/14,1847.609985
02/25/14,1845.119995
02/26/14,1845.160034
02/27/14,1854.290039
02/28/14,1859.449951
03/03/2014,1845.72998
03/04/2014,1873.910034
03/05/2014,1873.810059
03/06/2014,1877.030029
03/07/2014,1878.040039
03/10/2014,1877.170044
03/11/2014,1867.630005
03/12/2014,1868.199951
03/13/14,1846.339966
03/14/14,1841.130005
03/17/14,1858.829956
03/18/14,1872.25
03/19/14,1860.77002
03/20/14,1872.01001
03/21/14,1866.52002
03/24/14,1857.439941
03/25/14,1865.619995
03/26/14,1852.560059
03/27/14,1849.040039
03/28/14,1857.619995
03/31/14,1872.339966
04/01/2014,1885.52002
04/02/2014,1890.900024
04/03/2014,1888.77002
04/04/2014,1865.089966
04/07/2014,1845.040039
04/08/2014,1851.959961
04/09/2014,1872.180054
04/10/2014,1833.079956
04/11/2014,1815.689941
04/14/14,1830.609985
04/15/14,1842.97998
04/16/14,1862.310059
04/17/14,1864.849976
04/21/14,1871.890015
04/22/14,1879.550049
04/23/14,1875.390015
04/24/14,1878.609985
04/25/14,1863.400024
04/28/14,1869.430054
04/29/14,1878.329956
04/30/14,1883.949951
05/01/2014,1883.680054
05/02/2014,1881.140015
05/05/2014,1884.660034
05/06/2014,1867.719971
05/07/2014,1878.209961
05/08/2014,1875.630005
05/09/2014,1878.47998
05/12/2014,1896.650024
05/13/14,1897.449951
05/14/14,1888.530029
05/15/14,1870.849976
05/16/14,1877.859985
05/19/14,1885.079956
05/20/14,1872.829956
05/21/14,1888.030029
05/22/14,1892.48999
05/23/14,1900.530029
05/27/14,1911.910034
05/28/14,1909.780029
05/29/14,1920.030029
05/30/14,1923.569946
06/02/2014,1924.969971
06/03/2014,1924.23999
06/04/2014,1927.880005
06/05/2014,1940.459961
06/06/2014,1949.439941
06/09/2014,1951.27002
06/10/2014,1950.790039
06/11/2014,1943.890015
06/12/2014,1930.109985
06/13/14,1936.160034
06/16/14,1937.780029
06/17/14,1941.98999
06/18/14,1956.97998
06/19/14,1959.47998
06/20/14,1962.869995
06/23/14,1962.609985
06/24/14,1949.97998
06/25/14,1959.530029
06/26/14,1957.219971
06/27/14,1960.959961
06/30/14,1960.22998
07/01/2014,1973.319946
07/02/2014,1974.619995
07/03/2014,1985.439941
07/07/2014,1977.650024
07/08/2014,1963.709961
07/09/2014,1972.829956
07/10/2014,1964.680054
07/11/2014,1967.569946
07/14/14,1977.099976
07/15/14,1973.280029
07/16/14,1981.569946
07/17/14,1958.119995
07/18/14,1978.219971
07/21/14,1973.630005
07/22/14,1983.530029
07/23/14,1987.01001
07/24/14,1987.97998
07/25/14,1978.339966
07/28/14,1978.910034
07/29/14,1969.949951
07/30/14,1970.069946
07/31/14,1930.670044
08/01/2014,1925.150024
08/04/2014,1938.98999
08/05/2014,1920.209961
08/06/2014,1920.23999
08/07/2014,1909.569946
08/08/2014,1931.589966
08/11/2014,1936.920044
08/12/2014,1933.75
08/13/14,1946.719971
08/14/14,1955.180054
08/15/14,1955.060059
08/18/14,1971.73999
08/19/14,1981.599976
08/20/14,1986.51001
08/21/14,1992.369995
08/22/14,1988.400024
08/25/14,1997.920044
08/26/14,2000.02002
08/27/14,2000.119995
08/28/14,1996.73999
08/29/14,2003.369995
09/02/2014,2002.280029
09/03/2014,2000.719971
09/04/2014,1997.650024
09/05/2014,2007.709961
09/08/2014,2001.540039
09/09/2014,1988.439941
09/10/2014,1995.689941
09/11/2014,1997.449951
09/12/2014,1985.540039
09/15/14,1984.130005
09/16/14,1998.97998
09/17/14,2001.569946
09/18/14,2011.359985
09/19/14,2010.400024
09/22/14,1994.290039
09/23/14,1982.77002
09/24/14,1998.300049
09/25/14,1965.98999
09/26/14,1982.849976
09/29/14,1977.800049
09/30/14,1972.290039
10/01/2014,1946.160034
10/02/2014,1946.170044
10/03/2014,1967.900024
10/06/2014,1964.819946
10/07/2014,1935.099976
10/08/2014,1968.890015
10/09/2014,1928.209961
10/10/2014,1906.130005
10/13/14,1874.73999
10/14/14,1877.699951
10/15/14,1862.48999
10/16/14,1862.76001
10/17/14,1886.76001
10/20/14,1904.01001
10/21/14,1941.280029
10/22/14,1927.109985
10/23/14,1950.819946
10/24/14,1964.579956
10/27/14,1961.630005
10/28/14,1985.050049
10/29/14,1982.300049
10/30/14,1994.650024
10/31/14,2018.050049
11/03/2014,2017.810059
11/04/2014,2012.099976
11/05/2014,2023.569946
11/06/2014,2031.209961
11/07/2014,2031.920044
11/10/2014,2038.26001
11/11/2014,2039.680054
11/12/2014,2038.25
11/13/14,2039.329956
11/14/14,2039.819946
11/17/14,2041.319946
11/18/14,2051.800049
11/19/14,2048.719971
11/20/14,2052.75
11/21/14,2063.5
11/24/14,2069.409912
11/25/14,2067.030029
11/26/14,2072.830078
11/28/14,2067.560059
12/01/2014,2053.439941
12/02/2014,2066.550049
12/03/2014,2074.330078
12/04/2014,2071.919922
12/05/2014,2075.370117
12/08/2014,2060.310059
12/09/2014,2059.820068
12/10/2014,2026.140015
12/11/2014,2035.329956
12/12/2014,2002.329956
12/15/14,1989.630005
12/16/14,1972.73999
12/17/14,2012.890015
12/18/14,2061.22998
12/19/14,2070.649902
12/22/14,2078.540039
12/23/14,2082.169922
12/24/14,2081.879883
12/26/14,2088.77002
12/29/14,2090.570068
12/30/14,2080.350098
12/31/14,2058.899902
01/02/2015,2058.199951
01/05/2015,2020.579956
01/06/2015,2002.609985
01/07/2015,2025.900024
01/08/2015,2062.139893
01/09/2015,2044.810059
01/12/2015,2028.26001
01/13/15,2023.030029
01/14/15,2011.27002
01/15/15,1992.670044
01/16/15,2019.420044
01/20/15,2022.550049
01/21/15,2032.119995
01/22/15,2063.149902
01/23/15,2051.820068
01/26/15,2057.090088
01/27/15,2029.550049
01/28/15,2002.160034
01/29/15,2021.25
01/30/15,1994.98999
02/02/2015,2020.849976
02/03/2015,2050.030029
02/04/2015,2041.51001
02/05/2015,2062.52002
02/06/2015,2055.469971
02/09/2015,2046.73999
02/10/2015,2068.590088
02/11/2015,2068.530029
02/12/2015,2088.47998
02/13/15,2096.98999
02/17/15,2100.340088
02/18/15,2099.679932
02/19/15,2097.449951
02/20/15,2110.300049
02/23/15,2109.659912
02/24/15,2115.47998
02/25/15,2113.860107
02/26/15,2110.73999
02/27/15,2104.5
03/02/2015,2117.389893
03/03/2015,2107.780029
03/04/2015,2098.530029
03/05/2015,2101.040039
03/06/2015,2071.26001
03/09/2015,2079.429932
03/10/2015,2044.160034
03/11/2015,2040.23999
03/12/2015,2065.949951
03/13/15,2053.399902
03/16/15,2081.189941
03/17/15,2074.280029
03/18/15,2099.5
03/19/15,2089.27002
03/20/15,2108.100098
03/23/15,2104.419922
03/24/15,2091.5
03/25/15,2061.050049
03/26/15,2056.149902
03/27/15,2061.02002
03/30/15,2086.23999
03/31/15,2067.889893
04/01/2015,2059.689941
04/02/2015,2066.959961
04/06/2015,2080.620117
04/07/2015,2076.330078
04/08/2015,2081.899902
04/09/2015,2091.179932
04/10/2015,2102.060059
04/13/15,2092.429932
04/14/15,2095.840088
04/15/15,2106.629883
04/16/15,2104.98999
04/17/15,2081.179932
04/20/15,2100.399902
04/21/15,2097.290039
04/22/15,2107.959961
04/23/15,2112.929932
04/24/15,2117.689941
04/27/15,2108.919922
04/28/15,2114.76001
04/29/15,2106.850098
04/30/15,2085.51001
05/01/2015,2108.290039
05/04/2015,2114.48999
05/05/2015,2089.459961
05/06/2015,2080.149902
05/07/2015,2088
05/08/2015,2116.100098
05/11/2015,2105.330078
05/12/2015,2099.120117
05/13/15,2098.47998
05/14/15,2121.100098
05/15/15,2122.72998
05/18/15,2129.199951
05/19/15,2127.830078
05/20/15,2125.850098
05/21/15,2130.820068
05/22/15,2126.060059
05/26/15,2104.199951
05/27/15,2123.47998
05/28/15,2120.790039
05/29/15,2107.389893
06/01/2015,2111.72998
06/02/2015,2109.600098
06/03/2015,2114.070068
06/04/2015,2095.840088
06/05/2015,2092.830078
06/08/2015,2079.280029
06/09/2015,2080.149902
06/10/2015,2105.199951
06/11/2015,2108.860107
06/12/2015,2094.110107
06/15/15,2084.429932
06/16/15,2096.290039
06/17/15,2100.439941
06/18/15,2121.23999
06/19/15,2109.98999
06/22/15,2122.850098
06/23/15,2124.199951
06/24/15,2108.580078
06/25/15,2102.310059
06/26/15,2101.48999
06/29/15,2057.639893
06/30/15,2063.110107
07/01/2015,2077.419922
07/02/2015,2076.780029
07/06/2015,2068.76001
07/07/2015,2081.340088
07/08/2015,2046.680054
07/09/2015,2051.310059
07/10/2015,2076.620117
07/13/15,2099.600098
07/14/15,2108.949951
07/15/15,2107.399902
07/16/15,2124.290039
07/17/15,2126.639893
07/20/15,2128.280029
07/21/15,2119.209961
07/22/15,2114.149902
07/23/15,2102.149902
07/24/15,2079.649902
07/27/15,2067.639893
07/28/15,2093.25
07/29/15,2108.570068
07/30/15,2108.629883
07/31/15,2103.840088
08/03/2015,2098.040039
08/04/2015,2093.320068
08/05/2015,2099.840088
08/06/2015,2083.560059
08/07/2015,2077.570068
08/10/2015,2104.179932
08/11/2015,2084.070068
08/12/2015,2086.050049
08/13/15,2083.389893
08/14/15,2091.540039
08/17/15,2102.439941
08/18/15,2096.919922
08/19/15,2079.610107
08/20/15,2035.72998
08/21/15,1970.890015
08/24/15,1893.209961
08/25/15,1867.609985
08/26/15,1940.51001
08/27/15,1987.660034
08/28/15,1988.869995
08/31/15,1972.180054
09/01/2015,1913.849976
09/02/2015,1948.859985
09/03/2015,1951.130005
09/04/2015,1921.219971
09/08/2015,1969.410034
09/09/2015,1942.040039
09/10/2015,1952.290039
09/11/2015,1961.050049
09/14/15,1953.030029
09/15/15,1978.089966
09/16/15,1995.310059
09/17/15,1990.199951
09/18/15,1958.030029
09/21/15,1966.969971
09/22/15,1942.73999
09/23/15,1938.76001
09/24/15,1932.23999
09/25/15,1931.339966
09/28/15,1881.77002
09/29/15,1884.089966
09/30/15,1920.030029
10/01/2015,1923.819946
10/02/2015,1951.359985
10/05/2015,1987.050049
10/06/2015,1979.920044
10/07/2015,1995.829956
10/08/2015,2013.430054
10/09/2015,2014.890015
10/12/2015,2017.459961
10/13/15,2003.689941
10/14/15,1994.23999
10/15/15,2023.859985
10/16/15,2033.109985
10/19/15,2033.660034
10/20/15,2030.77002
10/21/15,2018.939941
10/22/15,2052.51001
10/23/15,2075.149902
10/26/15,2071.179932
10/27/15,2065.889893
10/28/15,2090.350098
10/29/15,2089.409912
10/30/15,2079.360107
11/02/2015,2104.050049
11/03/2015,2109.790039
11/04/2015,2102.310059
11/05/2015,2099.929932
11/06/2015,2099.199951
11/09/2015,2078.580078
11/10/2015,2081.719971
11/11/2015,2075
11/12/2015,2045.969971
11/13/15,2023.040039
11/16/15,2053.189941
11/17/15,2050.439941
11/18/15,2083.580078
11/19/15,2081.23999
11/20/15,2089.169922
11/23/15,2086.590088
11/24/15,2089.139893
11/25/15,2088.870117
11/27/15,2090.110107
11/30/15,2080.409912
12/01/2015,2102.629883
12/02/2015,2079.51001
12/03/2015,2049.620117
12/04/2015,2091.689941
12/07/2015,2077.070068
12/08/2015,2063.590088
12/09/2015,2047.619995
12/10/2015,2052.22998
12/11/2015,2012.369995
12/14/15,2021.939941
12/15/15,2043.410034
12/16/15,2073.070068
12/17/15,2041.890015
12/18/15,2005.550049
12/21/15,2021.150024
12/22/15,2038.969971
12/23/15,2064.290039
12/24/15,2060.98999
12/28/15,2056.5
12/29/15,2078.360107
12/30/15,2063.360107
12/31/15,2043.939941
01/04/2016,2012.660034
01/05/2016,2016.709961
01/06/2016,1990.26001
01/07/2016,1943.089966
01/08/2016,1922.030029
01/11/2016,1923.670044
01/12/2016,1938.680054
01/13/16,1890.280029
01/14/16,1921.839966
01/15/16,1880.329956
01/19/16,1881.329956
01/20/16,1859.329956
01/21/16,1868.98999
01/22/16,1906.900024
01/25/16,1877.079956
01/26/16,1903.630005
01/27/16,1882.949951
01/28/16,1893.359985
01/29/16,1940.23999
02/01/2016,1939.380005
02/02/2016,1903.030029
02/03/2016,1912.530029
02/04/2016,1915.449951
02/05/2016,1880.050049
02/08/2016,1853.439941
02/09/2016,1852.209961
02/10/2016,1851.859985
02/11/2016,1829.079956
02/12/2016,1864.780029
02/16/16,1895.579956
02/17/16,1926.819946
02/18/16,1917.829956
02/19/16,1917.780029
02/22/16,1945.5
02/23/16,1921.27002
02/24/16,1929.800049
02/25/16,1951.699951
02/26/16,1948.050049
02/29/16,1932.22998
03/01/2016,1978.349976
03/02/2016,1986.449951
03/03/2016,1993.400024
03/04/2016,1999.98999
03/07/2016,2001.76001
03/08/2016,1979.26001
03/09/2016,1989.26001
03/10/2016,1989.569946
03/11/2016,2022.189941
03/14/16,2019.640015
03/15/16,2015.930054
03/16/16,2027.219971
03/17/16,2040.589966
03/18/16,2049.580078
03/21/16,2051.600098
03/22/16,2049.800049
03/23/16,2036.709961
03/24/16,2035.939941
03/28/16,2037.050049
03/29/16,2055.01001
03/30/16,2063.949951
03/31/16,2059.73999
04/01/2016,2072.780029
04/04/2016,2066.129883
04/05/2016,2045.170044
04/06/2016,2066.659912
04/07/2016,2041.910034
04/08/2016,2047.599976
04/11/2016,2041.98999
04/12/2016,2061.719971
04/13/16,2082.419922
04/14/16,2082.780029
04/15/16,2080.72998
04/18/16,2094.340088
04/19/16,2100.800049
04/20/16,2102.399902
04/21/16,2091.47998
04/22/16,2091.580078
04/25/16,2087.790039
04/26/16,2091.699951
04/27/16,2095.149902
04/28/16,2075.810059
04/29/16,2065.300049
05/02/2016,2081.429932
05/03/2016,2063.370117
05/04/2016,2051.120117
05/05/2016,2050.629883
05/06/2016,2057.139893
05/09/2016,2058.689941
05/10/2016,2084.389893
05/11/2016,2064.459961
05/12/2016,2064.110107
05/13/16,2046.609985
05/16/16,2066.659912
05/17/16,2047.209961
05/18/16,2047.630005
05/19/16,2040.040039
05/20/16,2052.320068
05/23/16,2048.040039
05/24/16,2076.060059
05/25/16,2090.540039
05/26/16,2090.100098
05/27/16,2099.060059
05/31/16,2096.949951
06/01/2016,2099.330078
06/02/2016,2105.26001
06/03/2016,2099.129883
06/06/2016,2109.409912
06/07/2016,2112.129883
06/08/2016,2119.120117
06/09/2016,2115.47998
06/10/2016,2096.070068
06/13/16,2079.060059
06/14/16,2075.320068
06/15/16,2071.5
06/16/16,2077.98999
06/17/16,2071.219971
06/20/16,2083.25
06/21/16,2088.899902
06/22/16,2085.449951
06/23/16,2113.320068
06/24/16,2037.410034
06/27/16,2000.540039
06/28/16,2036.089966
06/29/16,2070.77002
06/30/16,2098.860107
07/01/2016,2102.949951
07/05/2016,2088.550049
07/06/2016,2099.72998
07/07/2016,2097.899902
07/08/2016,2129.899902
07/11/2016,2137.159912
07/12/2016,2152.139893
07/13/16,2152.429932
07/14/16,2163.75
07/15/16,2161.73999
07/18/16,2166.889893
07/19/16,2163.780029
07/20/16,2173.02002
07/21/16,2165.169922
07/22/16,2175.030029
07/25/16,2168.47998
07/26/16,2169.179932
07/27/16,2166.580078
07/28/16,2170.060059
07/29/16,2173.600098
08/01/2016,2170.840088
08/02/2016,2157.030029
08/03/2016,2163.790039
08/04/2016,2164.25
08/05/2016,2182.870117
08/08/2016,2180.889893
08/09/2016,2181.73999
08/10/2016,2175.48999
08/11/2016,2185.790039
08/12/2016,2184.050049
08/15/16,2190.149902
08/16/16,2178.149902
08/17/16,2182.219971
08/18/16,2187.02002
08/19/16,2183.870117
08/22/16,2182.639893
08/23/16,2186.899902
08/24/16,2175.439941
08/25/16,2172.469971
08/26/16,2169.040039
08/29/16,2180.379883
08/30/16,2176.120117
08/31/16,2170.949951
09/01/2016,2170.860107
09/02/2016,2179.97998
09/06/2016,2186.47998
09/07/2016,2186.159912
09/08/2016,2181.300049
09/09/2016,2127.810059
09/12/2016,2159.040039
09/13/16,2127.02002
09/14/16,2125.77002
09/15/16,2147.26001
09/16/16,2139.159912
09/19/16,2139.120117
09/20/16,2139.76001
09/21/16,2163.120117
09/22/16,2177.179932
09/23/16,2164.689941
09/26/16,2146.100098
09/27/16,2159.929932
09/28/16,2171.370117
09/29/16,2151.129883
09/30/16,2168.27002
10/03/2016,2161.199951
10/04/2016,2150.48999
10/05/2016,2159.72998
10/06/2016,2160.77002
10/07/2016,2153.73999
10/10/2016,2163.659912
10/11/2016,2136.72998
10/12/2016,2139.179932
10/13/16,2132.550049
10/14/16,2132.97998
10/17/16,2126.5
10/18/16,2139.600098
10/19/16,2144.290039
10/20/16,2141.340088
10/21/16,2141.159912
10/24/16,2151.330078
10/25/16,2143.159912
10/26/16,2139.429932
10/27/16,2133.040039
10/28/16,2126.409912
10/31/16,2126.149902
11/01/2016,2111.719971
11/02/2016,2097.939941
11/03/2016,2088.659912
11/04/2016,2085.179932
11/07/2016,2131.52002
11/08/2016,2139.560059
11/09/2016,2163.26001
11/10/2016,2167.47998
11/11/2016,2164.449951
11/14/16,2164.199951
11/15/16,2180.389893
11/16/16,2176.939941
11/17/16,2187.120117
11/18/16,2181.899902
11/21/16,2198.179932
11/22/16,2202.939941
11/23/16,2204.719971
11/25/16,2213.350098
11/28/16,2201.719971
11/29/16,2204.659912
11/30/16,2198.810059
12/01/2016,2191.080078
12/02/2016,2191.949951
12/05/2016,2204.709961
12/06/2016,2212.22998
12/07/2016,2241.350098
12/08/2016,2246.189941
12/09/2016,2259.530029
12/12/2016,2256.959961
12/13/16,2271.719971
12/14/16,2253.280029
12/15/16,2262.030029
12/16/16,2258.070068
12/19/16,2262.530029
12/20/16,2270.76001
12/21/16,2265.179932
12/22/16,2260.959961
12/23/16,2263.790039
12/27/16,2268.879883
12/28/16,2249.919922
12/29/16,2249.26001
12/30/16,2238.830078
01/03/2017,2257.830078
01/04/2017,2270.75
01/05/2017,2269
01/06/2017,2276.97998
01/09/2017,2268.899902
01/10/2017,2268.899902
01/11/2017,2275.320068
01/12/2017,2270.439941
01/13/17,2274.639893
01/17/17,2267.889893
01/18/17,2271.889893
01/19/17,2263.689941
01/20/17,2271.310059
01/23/17,2265.199951
01/24/17,2280.070068
01/25/17,2298.370117
01/26/17,2296.679932
01/27/17,2294.689941
01/30/17,2280.899902
01/31/17,2278.870117
02/01/2017,2279.550049
02/02/2017,2280.850098
02/03/2017,2297.419922
02/06/2017,2292.560059
02/07/2017,2293.080078
02/08/2017,2294.669922
02/09/2017,2307.870117
02/10/2017,2316.100098
02/13/17,2328.25
02/14/17,2337.580078
02/15/17,2349.25
02/16/17,2347.219971
02/17/17,2351.159912
02/21/17,2365.379883
02/22/17,2362.820068
02/23/17,2363.810059
02/24/17,2367.340088
02/27/17,2369.75
02/28/17,2363.639893
03/01/2017,2395.959961
03/02/2017,2381.919922
03/03/2017,2383.120117
03/06/2017,2375.310059
03/07/2017,2368.389893
03/08/2017,2362.97998
03/09/2017,2364.870117
03/10/2017,2372.600098
03/13/17,2373.469971
03/14/17,2365.449951
03/15/17,2385.26001
03/16/17,2381.379883
03/17/17,2378.25
03/20/17,2373.469971
03/21/17,2344.02002
03/22/17,2348.449951
03/23/17,2345.959961
03/24/17,2343.97998
03/27/17,2341.590088
03/28/17,2358.570068
03/29/17,2361.129883
03/30/17,2368.060059
03/31/17,2362.719971
04/03/2017,2358.840088
04/04/2017,2360.159912
04/05/2017,2352.949951
04/06/2017,2357.48999
04/07/2017,2355.540039
04/10/2017,2357.159912
04/11/2017,2353.780029
04/12/2017,2344.929932
04/13/17,2328.949951
04/17/17,2349.01001
04/18/17,2342.189941
04/19/17,2338.169922
04/20/17,2355.840088
04/21/17,2348.689941
04/24/17,2374.149902
04/25/17,2388.610107
04/26/17,2387.449951
04/27/17,2388.77002
04/28/17,2384.199951
05/01/2017,2388.330078
05/02/2017,2391.169922
05/03/2017,2388.129883
05/04/2017,2389.52002
05/05/2017,2399.290039
05/08/2017,2399.379883
05/09/2017,2396.919922
05/10/2017,2399.629883
05/11/2017,2394.439941
05/12/2017,2390.899902
05/15/17,2402.320068
05/16/17,2400.669922
05/17/17,2357.030029
05/18/17,2365.719971
05/19/17,2381.72998
05/22/17,2394.02002
05/23/17,2398.419922
05/24/17,2404.389893
05/25/17,2415.070068
05/26/17,2415.820068
05/30/17,2412.909912
05/31/17,2411.800049
06/01/2017,2430.060059
06/02/2017,2439.070068
06/05/2017,2436.100098
06/06/2017,2429.330078
06/07/2017,2433.139893
06/08/2017,2433.790039
06/09/2017,2431.77002
06/12/2017,2429.389893
06/13/17,2440.350098
06/14/17,2437.919922
06/15/17,2432.459961
06/16/17,2433.149902
06/19/17,2453.459961
06/20/17,2437.030029
06/21/17,2435.610107
06/22/17,2434.5
06/23/17,2438.300049
06/26/17,2439.070068
06/27/17,2419.379883
06/28/17,2440.689941
06/29/17,2419.699951
06/30/17,2423.409912
07/03/2017,2429.01001
07/05/2017,2432.540039
07/06/2017,2409.75
07/07/2017,2425.179932
07/10/2017,2427.429932
07/11/2017,2425.530029
07/12/2017,2443.25
07/13/17,2447.830078
07/14/17,2459.27002
07/17/17,2459.139893
07/18/17,2460.610107
07/19/17,2473.830078
07/20/17,2473.449951
07/21/17,2472.540039
07/24/17,2469.909912
07/25/17,2477.129883
07/26/17,2477.830078
07/27/17,2475.419922
07/28/17,2472.100098
07/31/17,2470.300049
08/01/2017,2476.350098
08/02/2017,2477.570068
08/03/2017,2472.159912
08/04/2017,2476.830078
08/07/2017,2480.909912
08/08/2017,2474.919922
08/09/2017,2474.02002
08/10/2017,2438.209961
08/11/2017,2441.320068
08/14/17,2465.840088
08/15/17,2464.610107
08/16/17,2468.110107
08/17/17,2430.01001
08/18/17,2425.550049
08/21/17,2428.370117
08/22/17,2452.51001
08/23/17,2444.040039
08/24/17,2438.969971
08/25/17,2443.050049
08/28/17,2444.23999
08/29/17,2446.300049
08/30/17,2457.590088
08/31/17,2471.649902
09/01/2017,2476.550049
09/05/2017,2457.850098
09/06/2017,2465.540039
09/07/2017,2465.100098
09/08/2017,2461.429932
09/11/2017,2488.110107
09/12/2017,2496.47998
09/13/17,2498.370117
09/14/17,2495.620117
09/15/17,2500.22998
09/18/17,2503.870117
09/19/17,2506.649902
09/20/17,2508.23999
09/21/17,2500.600098
09/22/17,2502.219971
09/25/17,2496.659912
09/26/17,2496.840088
09/27/17,2507.040039
09/28/17,2510.060059
09/29/17,2519.360107
10/02/2017,2529.120117
10/03/2017,2534.580078
10/04/2017,2537.73999
10/05/2017,2552.070068
10/06/2017,2549.330078
10/09/2017,2544.72998
10/10/2017,2550.639893
10/11/2017,2555.23999
10/12/2017,2550.929932
10/13/17,2553.169922
10/16/17,2557.639893
10/17/17,2559.360107
10/18/17,2561.26001
10/19/17,2562.100098
10/20/17,2575.209961
10/23/17,2564.97998
10/24/17,2569.129883
10/25/17,2557.149902
10/26/17,2560.399902
10/27/17,2581.070068
10/30/17,2572.830078
10/31/17,2575.26001
11/01/2017,2579.360107
11/02/2017,2579.850098
11/03/2017,2587.840088
11/06/2017,2591.129883
11/07/2017,2590.639893
11/08/2017,2594.379883
11/09/2017,2584.620117
11/10/2017,2582.300049
11/13/17,2584.840088
11/14/17,2578.870117
11/15/17,2564.620117
11/16/17,2585.639893
11/17/17,2578.850098
11/20/17,2582.139893
11/21/17,2599.030029
11/22/17,2597.080078
11/24/17,2602.419922
11/27/17,2601.419922
11/28/17,2627.040039
11/29/17,2626.070068
11/30/17,2647.580078
12/01/2017,2642.219971
12/04/2017,2639.439941
12/05/2017,2629.570068
12/06/2017,2629.27002
12/07/2017,2636.97998
12/08/2017,2651.5
12/11/2017,2659.98999
12/12/2017,2664.110107
12/13/17,2662.850098
12/14/17,2652.01001
12/15/17,2675.810059
12/18/17,2690.159912
12/19/17,2681.469971
12/20/17,2679.25
12/21/17,2684.570068
12/22/17,2683.340088
12/26/17,2680.5
12/27/17,2682.620117
12/28/17,2687.540039
12/29/17,2673.610107
01/02/2018,2695.810059
01/03/2018,2713.060059
01/04/2018,2723.98999
01/05/2018,2743.149902
01/08/2018,2747.709961
01/09/2018,2751.290039
01/10/2018,2748.22998
01/11/2018,2767.560059
01/12/2018,2786.23999
01/16/18,2776.419922
01/17/18,2802.560059
01/18/18,2798.030029
01/19/18,2810.300049
01/22/18,2832.969971
01/23/18,2839.129883
01/24/18,2837.540039
01/25/18,2839.25
01/26/18,2872.870117
01/29/18,2853.530029
01/30/18,2822.429932
01/31/18,2823.810059
02/01/2018,2821.97998
02/02/2018,2762.129883
02/05/2018,2648.939941
02/06/2018,2695.139893
02/07/2018,2681.659912
02/08/2018,2581
02/09/2018,2619.550049
02/12/2018,2656
