Date,AdjClose
05-06-06,1265.29
06-06-06,1263.85
07-06-06,1256.15
08-06-06,1257.93
09-06-06,1252.3
12-06-06,1237.44
13-06-06,1223.69
14-06-06,1230.04
15-06-06,1256.16
16-06-06,1251.54
19-06-06,1240.13
20-06-06,1240.12
21-06-06,1252.2
22-06-06,1245.6
23-06-06,1244.5
26-06-06,1250.56
27-06-06,1239.2
28-06-06,1246
29-06-06,1272.87
30-06-06,1270.2
03-07-06,1280.19
05-07-06,1270.91
06-07-06,1274.08
07-07-06,1265.48
10-07-06,1267.34
11-07-06,1272.43
12-07-06,1258.6
13-07-06,1242.28
14-07-06,1236.2
17-07-06,1234.49
18-07-06,1236.86
19-07-06,1259.81
20-07-06,1249.13
21-07-06,1240.29
24-07-06,1260.91
25-07-06,1268.88
26-07-06,1268.4
27-07-06,1263.2
28-07-06,1278.55
31-07-06,1276.66
01-08-06,1270.92
02-08-06,1277.41
03-08-06,1280.27
04-08-06,1279.36
07-08-06,1275.77
08-08-06,1271.48
09-08-06,1265.95
10-08-06,1271.81
11-08-06,1266.74
14-08-06,1268.21
15-08-06,1285.58
16-08-06,1295.43
17-08-06,1297.48
18-08-06,1302.3
21-08-06,1297.52
22-08-06,1298.82
23-08-06,1292.99
24-08-06,1296.06
25-08-06,1295.09
28-08-06,1301.78
29-08-06,1304.28
30-08-06,1305.37
31-08-06,1303.82
01-09-06,1311.01
05-09-06,1313.25
06-09-06,1300.26
07-09-06,1294.02
08-09-06,1298.92
11-09-06,1299.54
12-09-06,1313
13-09-06,1318.07
14-09-06,1316.28
15-09-06,1319.66
18-09-06,1321.18
19-09-06,1317.64
20-09-06,1325.18
21-09-06,1318.03
22-09-06,1314.78
25-09-06,1326.37
26-09-06,1336.35
27-09-06,1336.59
28-09-06,1338.88
29-09-06,1335.85
02-10-06,1331.32
03-10-06,1334.11
04-10-06,1350.2
05-10-06,1353.22
06-10-06,1349.59
09-10-06,1350.66
10-10-06,1353.42
11-10-06,1349.95
12-10-06,1362.83
13-10-06,1365.62
16-10-06,1369.06
17-10-06,1364.05
18-10-06,1365.8
19-10-06,1366.96
20-10-06,1368.6
23-10-06,1377.02
24-10-06,1377.38
25-10-06,1382.22
26-10-06,1389.08
27-10-06,1377.34
30-10-06,1377.93
31-10-06,1377.94
01-11-06,1367.81
02-11-06,1367.34
03-11-06,1364.3
06-11-06,1379.78
07-11-06,1382.84
08-11-06,1385.72
09-11-06,1378.33
10-11-06,1380.9
13-11-06,1384.42
14-11-06,1393.22
15-11-06,1396.57
16-11-06,1399.76
17-11-06,1401.2
20-11-06,1400.5
21-11-06,1402.81
22-11-06,1406.09
24-11-06,1400.95
27-11-06,1381.96
28-11-06,1386.72
29-11-06,1399.48
30-11-06,1400.63
01-12-06,1396.71
04-12-06,1409.12
05-12-06,1414.76
06-12-06,1412.9
07-12-06,1407.29
08-12-06,1409.84
11-12-06,1413.04
12-12-06,1411.56
13-12-06,1413.21
14-12-06,1425.49
15-12-06,1427.09
18-12-06,1422.48
19-12-06,1425.55
20-12-06,1423.53
21-12-06,1418.3
22-12-06,1410.76
26-12-06,1416.9
27-12-06,1426.84
28-12-06,1424.73
29-12-06,1418.3
03-01-07,1416.6
04-01-07,1418.34
05-01-07,1409.71
08-01-07,1412.84
09-01-07,1412.11
10-01-07,1414.85
11-01-07,1423.82
12-01-07,1430.73
16-01-07,1431.9
17-01-07,1430.62
18-01-07,1426.37
19-01-07,1430.5
22-01-07,1422.95
23-01-07,1427.99
24-01-07,1440.13
25-01-07,1423.9
26-01-07,1422.18
29-01-07,1420.62
30-01-07,1428.82
31-01-07,1438.24
01-02-07,1445.94
02-02-07,1448.39
05-02-07,1446.99
06-02-07,1448
07-02-07,1450.02
08-02-07,1448.31
09-02-07,1438.06
12-02-07,1433.37
13-02-07,1444.26
14-02-07,1455.3
15-02-07,1456.81
16-02-07,1455.54
20-02-07,1459.68
21-02-07,1457.63
22-02-07,1456.38
23-02-07,1451.19
26-02-07,1449.37
27-02-07,1399.04
28-02-07,1406.82
01-03-07,1403.17
02-03-07,1387.17
05-03-07,1374.12
06-03-07,1395.41
07-03-07,1391.97
08-03-07,1401.89
09-03-07,1402.84
12-03-07,1406.6
13-03-07,1377.95
14-03-07,1387.17
15-03-07,1392.28
16-03-07,1386.95
19-03-07,1402.06
20-03-07,1410.94
21-03-07,1435.04
22-03-07,1434.54
23-03-07,1436.11
26-03-07,1437.5
27-03-07,1428.61
28-03-07,1417.23
29-03-07,1422.53
30-03-07,1420.86
02-04-07,1424.55
03-04-07,1437.77
04-04-07,1439.37
05-04-07,1443.76
09-04-07,1444.61
10-04-07,1448.39
11-04-07,1438.87
12-04-07,1447.8
13-04-07,1452.85
16-04-07,1468.33
17-04-07,1471.48
18-04-07,1472.5
19-04-07,1470.73
20-04-07,1484.35
23-04-07,1480.93
24-04-07,1480.41
25-04-07,1495.42
26-04-07,1494.25
27-04-07,1494.07
30-04-07,1482.37
01-05-07,1486.3
02-05-07,1495.92
03-05-07,1502.39
04-05-07,1505.62
07-05-07,1509.48
08-05-07,1507.72
09-05-07,1512.58
10-05-07,1491.47
11-05-07,1505.85
14-05-07,1503.15
15-05-07,1501.19
16-05-07,1514.14
17-05-07,1512.75
18-05-07,1522.75
21-05-07,1525.1
22-05-07,1524.12
23-05-07,1522.28
24-05-07,1507.51
25-05-07,1515.73
29-05-07,1518.11
30-05-07,1530.23
31-05-07,1530.62
01-06-07,1536.34
04-06-07,1539.18
05-06-07,1530.95
06-06-07,1517.38
07-06-07,1490.72
08-06-07,1507.67
11-06-07,1509.12
12-06-07,1493
13-06-07,1515.67
14-06-07,1522.97
15-06-07,1532.91
18-06-07,1531.05
19-06-07,1533.7
20-06-07,1512.84
21-06-07,1522.19
22-06-07,1502.56
25-06-07,1497.74
26-06-07,1492.89
27-06-07,1506.34
28-06-07,1505.71
29-06-07,1503.35
02-07-07,1519.43
03-07-07,1524.87
05-07-07,1525.4
06-07-07,1530.44
09-07-07,1531.85
10-07-07,1510.12
11-07-07,1518.76
12-07-07,1547.7
13-07-07,1552.5
16-07-07,1549.52
17-07-07,1549.37
18-07-07,1546.17
19-07-07,1553.08
20-07-07,1534.1
23-07-07,1541.57
24-07-07,1511.04
25-07-07,1518.09
26-07-07,1482.66
27-07-07,1458.95
30-07-07,1473.91
31-07-07,1455.27
01-08-07,1465.81
02-08-07,1472.2
03-08-07,1433.06
06-08-07,1467.67
07-08-07,1476.71
08-08-07,1497.49
09-08-07,1453.09
10-08-07,1453.64
13-08-07,1452.92
14-08-07,1426.54
15-08-07,1406.7
16-08-07,1411.27
17-08-07,1445.94
20-08-07,1445.55
21-08-07,1447.12
22-08-07,1464.07
23-08-07,1462.5
24-08-07,1479.37
27-08-07,1466.79
28-08-07,1432.36
29-08-07,1463.76
30-08-07,1457.64
31-08-07,1473.99
04-09-07,1489.42
05-09-07,1472.29
06-09-07,1478.55
07-09-07,1453.55
10-09-07,1451.7
11-09-07,1471.49
12-09-07,1471.56
13-09-07,1483.95
14-09-07,1484.25
17-09-07,1476.65
18-09-07,1519.78
19-09-07,1529.03
20-09-07,1518.75
21-09-07,1525.75
24-09-07,1517.73
25-09-07,1517.21
26-09-07,1525.42
27-09-07,1531.38
28-09-07,1526.75
01-10-07,1547.04
02-10-07,1546.63
03-10-07,1539.59
04-10-07,1542.84
05-10-07,1557.59
08-10-07,1552.58
09-10-07,1565.15
10-10-07,1562.47
11-10-07,1554.41
12-10-07,1561.8
15-10-07,1548.71
16-10-07,1538.53
17-10-07,1541.24
18-10-07,1540.08
19-10-07,1500.63
22-10-07,1506.33
23-10-07,1519.59
24-10-07,1515.88
25-10-07,1514.4
26-10-07,1535.28
29-10-07,1540.98
30-10-07,1531.02
31-10-07,1549.38
01-11-07,1508.44
02-11-07,1509.65
05-11-07,1502.17
06-11-07,1520.27
07-11-07,1475.62
08-11-07,1474.77
09-11-07,1453.7
12-11-07,1439.18
13-11-07,1481.05
14-11-07,1470.58
15-11-07,1451.15
16-11-07,1458.74
19-11-07,1433.27
20-11-07,1439.7
21-11-07,1416.77
23-11-07,1440.7
26-11-07,1407.22
27-11-07,1428.23
28-11-07,1469.02
29-11-07,1469.72
30-11-07,1481.14
03-12-07,1472.42
04-12-07,1462.79
05-12-07,1485.01
06-12-07,1507.34
07-12-07,1504.66
10-12-07,1515.96
11-12-07,1477.65
12-12-07,1486.59
13-12-07,1488.41
14-12-07,1467.95
17-12-07,1445.9
18-12-07,1454.98
19-12-07,1453
20-12-07,1460.12
21-12-07,1484.46
24-12-07,1496.45
26-12-07,1497.66
27-12-07,1476.27
28-12-07,1478.49
31-12-07,1468.36
02-01-08,1447.16
03-01-08,1447.16
04-01-08,1411.63
07-01-08,1416.18
08-01-08,1390.19
09-01-08,1409.13
10-01-08,1420.33
11-01-08,1401.02
14-01-08,1416.25
15-01-08,1380.95
16-01-08,1373.2
17-01-08,1333.25
18-01-08,1325.19
22-01-08,1310.5
23-01-08,1338.6
24-01-08,1352.07
25-01-08,1330.61
28-01-08,1353.96
29-01-08,1362.3
30-01-08,1355.81
31-01-08,1378.55
01-02-08,1395.42
04-02-08,1380.82
05-02-08,1336.64
06-02-08,1326.45
07-02-08,1336.91
08-02-08,1331.29
11-02-08,1339.13
12-02-08,1348.86
13-02-08,1367.21
14-02-08,1348.86
15-02-08,1349.99
19-02-08,1348.78
20-02-08,1360.03
21-02-08,1342.53
22-02-08,1353.11
25-02-08,1371.8
26-02-08,1381.29
27-02-08,1380.02
28-02-08,1367.68
29-02-08,1330.63
03-03-08,1331.34
04-03-08,1326.75
05-03-08,1333.7
06-03-08,1304.34
07-03-08,1293.37
10-03-08,1273.37
11-03-08,1320.65
12-03-08,1308.77
13-03-08,1315.48
14-03-08,1288.14
17-03-08,1276.6
18-03-08,1330.74
19-03-08,1298.42
20-03-08,1329.51
24-03-08,1349.88
25-03-08,1352.99
26-03-08,1341.13
27-03-08,1325.76
28-03-08,1315.22
31-03-08,1322.7
01-04-08,1370.18
02-04-08,1367.53
03-04-08,1369.31
04-04-08,1370.4
07-04-08,1372.54
08-04-08,1365.54
09-04-08,1354.49
10-04-08,1360.55
11-04-08,1332.83
14-04-08,1328.32
15-04-08,1334.43
16-04-08,1364.71
17-04-08,1365.56
18-04-08,1390.33
21-04-08,1388.17
22-04-08,1375.94
23-04-08,1379.93
24-04-08,1388.82
25-04-08,1397.84
28-04-08,1396.37
29-04-08,1390.94
30-04-08,1385.59
01-05-08,1409.34
02-05-08,1413.9
05-05-08,1407.49
06-05-08,1418.26
07-05-08,1392.57
08-05-08,1397.68
09-05-08,1388.28
12-05-08,1403.58
13-05-08,1403.04
14-05-08,1408.66
15-05-08,1423.57
16-05-08,1425.35
19-05-08,1426.63
20-05-08,1413.4
21-05-08,1390.71
22-05-08,1394.35
23-05-08,1375.93
27-05-08,1385.35
28-05-08,1390.84
29-05-08,1398.26
30-05-08,1400.38
02-06-08,1385.67
03-06-08,1377.65
04-06-08,1377.2
05-06-08,1404.05
06-06-08,1360.68
09-06-08,1361.76
10-06-08,1358.44
11-06-08,1335.49
12-06-08,1339.87
13-06-08,1360.03
16-06-08,1360.14
17-06-08,1350.93
18-06-08,1337.81
19-06-08,1342.83
20-06-08,1317.93
23-06-08,1318
24-06-08,1314.29
25-06-08,1321.97
26-06-08,1283.15
27-06-08,1278.38
30-06-08,1280
01-07-08,1284.91
02-07-08,1261.52
03-07-08,1262.9
07-07-08,1252.31
08-07-08,1273.7
09-07-08,1244.69
10-07-08,1253.39
11-07-08,1239.49
14-07-08,1228.3
15-07-08,1214.91
16-07-08,1245.36
17-07-08,1260.32
18-07-08,1260.68
21-07-08,1260
22-07-08,1277
23-07-08,1282.19
24-07-08,1252.54
25-07-08,1257.76
28-07-08,1234.37
29-07-08,1263.2
30-07-08,1284.26
31-07-08,1267.38
01-08-08,1260.31
04-08-08,1249.01
05-08-08,1284.88
06-08-08,1289.19
07-08-08,1266.07
08-08-08,1296.32
11-08-08,1305.32
12-08-08,1289.59
13-08-08,1285.83
14-08-08,1292.93
15-08-08,1298.2
18-08-08,1278.6
19-08-08,1266.69
20-08-08,1274.54
21-08-08,1277.72
22-08-08,1292.2
25-08-08,1266.84
26-08-08,1271.51
27-08-08,1281.66
28-08-08,1300.68
29-08-08,1282.83
02-09-08,1277.58
03-09-08,1274.98
04-09-08,1236.83
05-09-08,1242.31
08-09-08,1267.79
09-09-08,1224.51
10-09-08,1232.04
11-09-08,1249.05
12-09-08,1251.7
15-09-08,1192.7
16-09-08,1213.6
17-09-08,1156.39
18-09-08,1206.51
19-09-08,1255.08
22-09-08,1207.09
23-09-08,1188.22
24-09-08,1185.87
25-09-08,1209.18
26-09-08,1213.27
29-09-08,1106.42
30-09-08,1166.36
01-10-08,1161.06
02-10-08,1114.28
03-10-08,1099.23
06-10-08,1056.89
07-10-08,996.23
08-10-08,984.94
09-10-08,909.92
10-10-08,899.22
13-10-08,1003.35
14-10-08,998.01
15-10-08,907.84
16-10-08,946.43
17-10-08,940.55
20-10-08,985.4
21-10-08,955.05
22-10-08,896.78
23-10-08,908.11
24-10-08,876.77
27-10-08,848.92
28-10-08,940.51
29-10-08,930.09
30-10-08,954.09
31-10-08,968.75
03-11-08,966.3
04-11-08,1005.75
05-11-08,952.77
06-11-08,904.88
07-11-08,930.99
10-11-08,919.21
11-11-08,898.95
12-11-08,852.3
13-11-08,911.29
14-11-08,873.29
17-11-08,850.75
18-11-08,859.12
19-11-08,806.58
20-11-08,752.44
21-11-08,800.03
24-11-08,851.81
25-11-08,857.39
26-11-08,887.68
28-11-08,896.24
01-12-08,816.21
02-12-08,848.81
03-12-08,870.74
04-12-08,845.22
05-12-08,876.07
08-12-08,909.7
09-12-08,888.67
10-12-08,899.24
11-12-08,873.59
12-12-08,879.73
15-12-08,868.57
16-12-08,913.18
17-12-08,904.42
18-12-08,885.28
19-12-08,887.88
22-12-08,871.63
23-12-08,863.16
24-12-08,868.15
26-12-08,872.8
29-12-08,869.42
30-12-08,890.64
31-12-08,903.25
02-01-09,931.8
05-01-09,927.45
06-01-09,934.7
07-01-09,906.65
08-01-09,909.73
09-01-09,890.35
12-01-09,870.26
13-01-09,871.79
14-01-09,842.62
15-01-09,843.74
16-01-09,850.12
20-01-09,805.22
21-01-09,840.24
22-01-09,827.5
23-01-09,831.95
26-01-09,836.57
27-01-09,845.71
28-01-09,874.09
29-01-09,845.14
30-01-09,825.88
02-02-09,825.44
03-02-09,838.51
04-02-09,832.23
05-02-09,845.85
06-02-09,868.6
09-02-09,869.89
10-02-09,827.16
11-02-09,833.74
12-02-09,835.19
13-02-09,826.84
17-02-09,789.17
18-02-09,788.42
19-02-09,778.94
20-02-09,770.05
23-02-09,743.33
24-02-09,773.14
25-02-09,764.9
26-02-09,752.83
27-02-09,735.09
02-03-09,700.82
03-03-09,696.33
04-03-09,712.87
05-03-09,682.55
06-03-09,683.38
09-03-09,676.53
10-03-09,719.6
11-03-09,721.36
12-03-09,750.74
13-03-09,756.55
16-03-09,753.89
17-03-09,778.12
18-03-09,794.35
19-03-09,784.04
20-03-09,768.54
23-03-09,822.92
24-03-09,806.12
25-03-09,813.88
26-03-09,832.86
27-03-09,815.94
30-03-09,787.53
31-03-09,797.87
01-04-09,811.08
02-04-09,834.38
03-04-09,842.5
06-04-09,835.48
07-04-09,815.55
08-04-09,825.16
09-04-09,856.56
13-04-09,858.73
14-04-09,841.5
15-04-09,852.06
16-04-09,865.3
17-04-09,869.6
20-04-09,832.39
21-04-09,850.08
22-04-09,843.55
23-04-09,851.92
24-04-09,866.23
27-04-09,857.51
28-04-09,855.16
29-04-09,873.64
30-04-09,872.81
01-05-09,877.52
04-05-09,907.24
05-05-09,903.8
06-05-09,919.53
07-05-09,907.39
08-05-09,929.23
11-05-09,909.24
12-05-09,908.35
13-05-09,883.92
14-05-09,893.07
15-05-09,882.88
18-05-09,909.71
19-05-09,908.13
20-05-09,903.47
21-05-09,888.33
22-05-09,887
26-05-09,910.33
27-05-09,893.06
28-05-09,906.83
29-05-09,919.14
01-06-09,942.87
02-06-09,944.74
03-06-09,931.76
04-06-09,942.46
05-06-09,940.09
08-06-09,939.14
09-06-09,942.43
10-06-09,939.15
11-06-09,944.89
12-06-09,946.21
15-06-09,923.72
16-06-09,911.97
17-06-09,910.71
18-06-09,918.37
19-06-09,921.23
22-06-09,893.04
23-06-09,895.1
24-06-09,900.94
25-06-09,920.26
26-06-09,918.9
29-06-09,927.23
30-06-09,919.32
01-07-09,923.33
02-07-09,896.42
06-07-09,898.72
07-07-09,881.03
08-07-09,879.56
09-07-09,882.68
10-07-09,879.13
13-07-09,901.05
14-07-09,905.84
15-07-09,932.68
16-07-09,940.74
17-07-09,940.38
20-07-09,951.13
21-07-09,954.58
22-07-09,954.07
23-07-09,976.29
24-07-09,979.26
27-07-09,982.18
28-07-09,979.62
29-07-09,975.15
30-07-09,986.75
31-07-09,987.48
03-08-09,1002.63
04-08-09,1005.65
05-08-09,1002.72
06-08-09,997.08
07-08-09,1010.48
10-08-09,1007.1
11-08-09,994.35
12-08-09,1005.81
13-08-09,1012.73
14-08-09,1004.09
17-08-09,979.73
18-08-09,989.67
19-08-09,996.46
20-08-09,1007.37
21-08-09,1026.13
24-08-09,1025.57
25-08-09,1028
26-08-09,1028.12
27-08-09,1030.98
28-08-09,1028.93
31-08-09,1020.62
01-09-09,998.04
02-09-09,994.75
03-09-09,1003.24
04-09-09,1016.4
08-09-09,1025.39
09-09-09,1033.37
10-09-09,1044.14
11-09-09,1042.73
14-09-09,1049.34
15-09-09,1052.63
16-09-09,1068.76
17-09-09,1065.49
18-09-09,1068.3
21-09-09,1064.66
22-09-09,1071.66
23-09-09,1060.87
24-09-09,1050.78
25-09-09,1044.38
28-09-09,1062.98
29-09-09,1060.61
30-09-09,1057.08
01-10-09,1029.85
02-10-09,1025.21
05-10-09,1040.46
06-10-09,1054.72
07-10-09,1057.58
08-10-09,1065.48
09-10-09,1071.49
12-10-09,1076.19
13-10-09,1073.19
14-10-09,1092.02
15-10-09,1096.56
16-10-09,1087.68
19-10-09,1097.91
20-10-09,1091.06
21-10-09,1081.4
22-10-09,1092.91
23-10-09,1079.6
26-10-09,1066.95
27-10-09,1063.41
28-10-09,1042.63
29-10-09,1066.11
30-10-09,1036.19
02-11-09,1042.88
03-11-09,1045.41
04-11-09,1046.5
05-11-09,1066.63
06-11-09,1069.3
09-11-09,1093.08
10-11-09,1093.01
11-11-09,1098.51
12-11-09,1087.24
13-11-09,1093.48
16-11-09,1109.3
17-11-09,1110.32
18-11-09,1109.8
19-11-09,1094.9
20-11-09,1091.38
23-11-09,1106.24
24-11-09,1105.65
25-11-09,1110.63
27-11-09,1091.49
30-11-09,1095.63
01-12-09,1108.86
02-12-09,1109.24
03-12-09,1099.92
04-12-09,1105.98
07-12-09,1103.25
08-12-09,1091.94
09-12-09,1095.95
10-12-09,1102.35
11-12-09,1106.41
14-12-09,1114.11
15-12-09,1107.93
16-12-09,1109.18
17-12-09,1096.08
18-12-09,1102.47
21-12-09,1114.05
22-12-09,1118.02
23-12-09,1120.59
24-12-09,1126.48
28-12-09,1127.78
29-12-09,1126.2
30-12-09,1126.42
31-12-09,1115.1
04-01-10,1132.99
05-01-10,1136.52
06-01-10,1137.14
07-01-10,1141.69
08-01-10,1144.98
11-01-10,1146.98
12-01-10,1136.22
13-01-10,1145.68
14-01-10,1148.46
15-01-10,1136.03
19-01-10,1150.23
20-01-10,1138.04
21-01-10,1116.48
22-01-10,1091.76
25-01-10,1096.78
26-01-10,1092.17
27-01-10,1097.5
28-01-10,1084.53
29-01-10,1073.87
01-02-10,1089.19
02-02-10,1103.32
03-02-10,1097.28
04-02-10,1063.11
05-02-10,1066.19
08-02-10,1056.74
09-02-10,1070.52
10-02-10,1068.13
11-02-10,1078.47
12-02-10,1075.51
16-02-10,1094.87
17-02-10,1099.51
18-02-10,1106.75
19-02-10,1109.17
22-02-10,1108.01
23-02-10,1094.6
24-02-10,1105.24
25-02-10,1102.94
26-02-10,1104.49
01-03-10,1115.71
02-03-10,1118.31
03-03-10,1118.79
04-03-10,1122.97
05-03-10,1138.7
08-03-10,1138.5
09-03-10,1140.45
10-03-10,1145.61
11-03-10,1150.24
12-03-10,1149.99
15-03-10,1150.51
16-03-10,1159.46
17-03-10,1166.21
18-03-10,1165.83
19-03-10,1159.9
22-03-10,1165.81
23-03-10,1174.17
24-03-10,1167.72
25-03-10,1165.73
26-03-10,1166.59
29-03-10,1173.22
30-03-10,1173.27
31-03-10,1169.43
01-04-10,1178.1
05-04-10,1187.44
06-04-10,1189.44
07-04-10,1182.45
08-04-10,1186.44
09-04-10,1194.37
12-04-10,1196.48
13-04-10,1197.3
14-04-10,1210.65
15-04-10,1211.67
16-04-10,1192.13
19-04-10,1197.52
20-04-10,1207.17
21-04-10,1205.94
22-04-10,1208.67
23-04-10,1217.28
26-04-10,1212.05
27-04-10,1183.71
28-04-10,1191.36
29-04-10,1206.78
30-04-10,1186.69
03-05-10,1202.26
04-05-10,1173.6
05-05-10,1165.87
06-05-10,1128.15
07-05-10,1110.88
10-05-10,1159.73
11-05-10,1155.79
12-05-10,1171.67
13-05-10,1157.44
14-05-10,1135.68
17-05-10,1136.94
18-05-10,1120.8
19-05-10,1115.05
20-05-10,1071.59
21-05-10,1087.69
24-05-10,1073.65
25-05-10,1074.03
26-05-10,1067.95
27-05-10,1103.06
28-05-10,1089.41
01-06-10,1070.71
02-06-10,1098.38
03-06-10,1102.83
04-06-10,1064.88
07-06-10,1050.47
08-06-10,1062
09-06-10,1055.69
10-06-10,1086.84
11-06-10,1091.6
14-06-10,1089.63
15-06-10,1115.23
16-06-10,1114.61
17-06-10,1116.04
18-06-10,1117.51
21-06-10,1113.2
22-06-10,1095.31
23-06-10,1092.04
24-06-10,1073.69
25-06-10,1076.76
28-06-10,1074.57
29-06-10,1041.24
30-06-10,1030.71
01-07-10,1027.37
02-07-10,1022.58
06-07-10,1028.06
07-07-10,1060.27
08-07-10,1070.25
09-07-10,1077.96
12-07-10,1078.75
13-07-10,1095.34
14-07-10,1095.17
15-07-10,1096.48
16-07-10,1064.88
19-07-10,1071.25
20-07-10,1083.48
21-07-10,1069.59
22-07-10,1093.67
23-07-10,1102.66
26-07-10,1115.01
27-07-10,1113.84
28-07-10,1106.13
29-07-10,1101.53
30-07-10,1101.6
02-08-10,1125.86
03-08-10,1120.46
04-08-10,1127.24
05-08-10,1125.81
06-08-10,1121.64
09-08-10,1127.79
10-08-10,1121.06
11-08-10,1089.47
12-08-10,1083.61
13-08-10,1079.25
16-08-10,1079.38
17-08-10,1092.54
18-08-10,1094.16
19-08-10,1075.63
20-08-10,1071.69
23-08-10,1067.36
24-08-10,1051.87
25-08-10,1055.33
26-08-10,1047.22
27-08-10,1064.59
30-08-10,1048.92
31-08-10,1049.33
01-09-10,1080.29
02-09-10,1090.1
03-09-10,1104.51
07-09-10,1091.84
08-09-10,1098.87
09-09-10,1104.18
10-09-10,1109.55
13-09-10,1121.9
14-09-10,1121.1
15-09-10,1125.07
16-09-10,1124.66
17-09-10,1125.59
20-09-10,1142.71
21-09-10,1139.78
22-09-10,1134.28
23-09-10,1124.83
24-09-10,1148.67
27-09-10,1142.16
28-09-10,1147.7
29-09-10,1144.73
30-09-10,1141.2
01-10-10,1146.24
04-10-10,1137.03
05-10-10,1160.75
06-10-10,1159.97
07-10-10,1158.06
08-10-10,1165.15
11-10-10,1165.32
12-10-10,1169.77
13-10-10,1178.1
14-10-10,1173.81
15-10-10,1176.19
18-10-10,1184.71
19-10-10,1165.9
20-10-10,1178.17
21-10-10,1180.26
22-10-10,1183.08
25-10-10,1185.62
26-10-10,1185.64
27-10-10,1182.45
28-10-10,1183.78
29-10-10,1183.26
01-11-10,1184.38
02-11-10,1193.57
03-11-10,1197.96
04-11-10,1221.06
05-11-10,1225.85
08-11-10,1223.25
09-11-10,1213.4
10-11-10,1218.71
11-11-10,1213.54
12-11-10,1199.21
15-11-10,1197.75
16-11-10,1178.34
17-11-10,1178.59
18-11-10,1196.69
19-11-10,1199.73
22-11-10,1197.84
23-11-10,1180.73
24-11-10,1198.35
26-11-10,1189.4
29-11-10,1187.76
30-11-10,1180.55
01-12-10,1206.07
02-12-10,1221.53
03-12-10,1224.71
06-12-10,1223.12
07-12-10,1223.75
08-12-10,1228.28
09-12-10,1233
10-12-10,1240.4
13-12-10,1240.46
14-12-10,1241.59
15-12-10,1235.23
16-12-10,1242.87
17-12-10,1243.91
20-12-10,1247.08
21-12-10,1254.6
22-12-10,1258.84
23-12-10,1256.77
27-12-10,1257.54
28-12-10,1258.51
29-12-10,1259.78
30-12-10,1257.88
31-12-10,1257.64
03-01-11,1271.87
04-01-11,1270.2
05-01-11,1276.56
06-01-11,1273.85
07-01-11,1271.5
10-01-11,1269.75
11-01-11,1274.48
12-01-11,1285.96
13-01-11,1283.76
14-01-11,1293.24
18-01-11,1295.02
19-01-11,1281.92
20-01-11,1280.26
21-01-11,1283.35
24-01-11,1290.84
25-01-11,1291.18
26-01-11,1296.63
27-01-11,1299.54
28-01-11,1276.34
31-01-11,1286.12
01-02-11,1307.59
02-02-11,1304.03
03-02-11,1307.1
04-02-11,1310.87
07-02-11,1319.05
08-02-11,1324.57
09-02-11,1320.88
10-02-11,1321.87
11-02-11,1329.15
14-02-11,1332.32
15-02-11,1328.01
16-02-11,1336.32
17-02-11,1340.43
18-02-11,1343.01
22-02-11,1315.44
23-02-11,1307.4
24-02-11,1306.1
25-02-11,1319.88
28-02-11,1327.22
01-03-11,1306.33
02-03-11,1308.44
03-03-11,1330.97
04-03-11,1321.15
07-03-11,1310.13
08-03-11,1321.82
09-03-11,1320.02
10-03-11,1295.11
11-03-11,1304.28
14-03-11,1296.39
15-03-11,1281.87
16-03-11,1256.88
17-03-11,1273.72
18-03-11,1279.21
21-03-11,1298.38
22-03-11,1293.77
23-03-11,1297.54
24-03-11,1309.66
25-03-11,1313.8
28-03-11,1310.19
29-03-11,1319.44
30-03-11,1328.26
31-03-11,1325.83
01-04-11,1332.41
04-04-11,1332.87
05-04-11,1332.63
06-04-11,1335.54
07-04-11,1333.51
08-04-11,1328.17
11-04-11,1324.46
12-04-11,1314.16
13-04-11,1314.41
14-04-11,1314.52
15-04-11,1319.68
18-04-11,1305.14
19-04-11,1312.62
20-04-11,1330.36
21-04-11,1337.38
25-04-11,1335.25
26-04-11,1347.24
27-04-11,1355.66
28-04-11,1360.48
29-04-11,1363.61
02-05-11,1361.22
03-05-11,1356.62
04-05-11,1347.32
05-05-11,1335.1
06-05-11,1340.2
09-05-11,1346.29
10-05-11,1357.16
11-05-11,1342.08
12-05-11,1348.65
13-05-11,1337.77
16-05-11,1329.47
17-05-11,1328.98
18-05-11,1340.68
19-05-11,1343.6
20-05-11,1333.27
23-05-11,1317.37
24-05-11,1316.28
25-05-11,1320.47
26-05-11,1325.69
27-05-11,1331.1
31-05-11,1345.2
01-06-11,1314.55
02-06-11,1312.94
03-06-11,1300.16
06-06-11,1286.17
07-06-11,1284.94
08-06-11,1279.56
09-06-11,1289
10-06-11,1270.98
13-06-11,1271.83
14-06-11,1287.87
15-06-11,1265.42
16-06-11,1267.64
17-06-11,1271.5
20-06-11,1278.36
21-06-11,1295.52
22-06-11,1287.14
23-06-11,1283.5
24-06-11,1268.45
27-06-11,1280.1
28-06-11,1296.67
29-06-11,1307.41
30-06-11,1320.64
01-07-11,1339.67
05-07-11,1337.88
06-07-11,1339.22
07-07-11,1353.22
08-07-11,1343.8
11-07-11,1319.49
12-07-11,1313.64
13-07-11,1317.72
14-07-11,1308.87
15-07-11,1316.14
18-07-11,1305.44
19-07-11,1326.73
20-07-11,1325.84
21-07-11,1343.8
22-07-11,1345.02
25-07-11,1337.43
26-07-11,1331.94
27-07-11,1304.89
28-07-11,1300.67
29-07-11,1292.28
01-08-11,1286.94
02-08-11,1254.05
03-08-11,1260.34
04-08-11,1200.07
05-08-11,1199.38
08-08-11,1119.46
09-08-11,1172.53
10-08-11,1120.76
11-08-11,1172.64
12-08-11,1178.81
15-08-11,1204.49
16-08-11,1192.76
17-08-11,1193.89
18-08-11,1140.65
19-08-11,1123.53
22-08-11,1123.82
23-08-11,1162.35
24-08-11,1177.6
25-08-11,1159.27
26-08-11,1176.8
29-08-11,1210.08
30-08-11,1212.92
31-08-11,1218.89
01-09-11,1204.42
02-09-11,1173.97
06-09-11,1165.24
07-09-11,1198.62
08-09-11,1185.9
09-09-11,1154.23
12-09-11,1162.27
13-09-11,1172.87
14-09-11,1188.68
15-09-11,1209.11
16-09-11,1216.01
19-09-11,1204.09
20-09-11,1202.09
21-09-11,1166.76
22-09-11,1129.56
23-09-11,1136.43
26-09-11,1162.95
27-09-11,1175.38
28-09-11,1151.06
29-09-11,1160.4
30-09-11,1131.42
03-10-11,1099.23
04-10-11,1123.95
05-10-11,1144.03
06-10-11,1164.97
07-10-11,1155.46
10-10-11,1194.89
11-10-11,1195.54
12-10-11,1207.25
13-10-11,1203.66
14-10-11,1224.58
17-10-11,1200.86
18-10-11,1225.38
19-10-11,1209.88
20-10-11,1215.39
21-10-11,1238.25
24-10-11,1254.19
25-10-11,1229.05
26-10-11,1242
27-10-11,1284.59
28-10-11,1285.09
31-10-11,1253.3
01-11-11,1218.28
02-11-11,1237.9
03-11-11,1261.15
04-11-11,1253.23
07-11-11,1261.12
08-11-11,1275.92
09-11-11,1229.1
10-11-11,1239.7
11-11-11,1263.85
14-11-11,1251.78
15-11-11,1257.81
16-11-11,1236.91
17-11-11,1216.13
18-11-11,1215.65
21-11-11,1192.98
22-11-11,1188.04
23-11-11,1161.79
25-11-11,1158.67
28-11-11,1192.55
29-11-11,1195.19
30-11-11,1246.96
01-12-11,1244.58
02-12-11,1244.28
05-12-11,1257.08
06-12-11,1258.47
07-12-11,1261.01
08-12-11,1234.35
09-12-11,1255.19
12-12-11,1236.47
13-12-11,1225.73
14-12-11,1211.82
15-12-11,1215.75
16-12-11,1219.66
19-12-11,1205.35
20-12-11,1241.3
21-12-11,1243.72
22-12-11,1254
23-12-11,1265.33
27-12-11,1265.43
28-12-11,1249.64
29-12-11,1263.02
30-12-11,1257.6
03-01-12,1277.06
04-01-12,1277.3
05-01-12,1281.06
06-01-12,1277.81
09-01-12,1280.7
10-01-12,1292.08
11-01-12,1292.48
12-01-12,1295.5
13-01-12,1289.09
17-01-12,1293.67
18-01-12,1308.04
19-01-12,1314.5
20-01-12,1315.38
23-01-12,1316
24-01-12,1314.65
25-01-12,1326.06
26-01-12,1318.43
27-01-12,1316.33
30-01-12,1313.01
31-01-12,1312.41
01-02-12,1324.09
02-02-12,1325.54
03-02-12,1344.9
06-02-12,1344.33
07-02-12,1347.05
08-02-12,1349.96
09-02-12,1351.95
10-02-12,1342.64
13-02-12,1351.77
14-02-12,1350.5
15-02-12,1343.23
16-02-12,1358.04
17-02-12,1361.23
21-02-12,1362.21
22-02-12,1357.66
23-02-12,1363.46
24-02-12,1365.74
27-02-12,1367.59
28-02-12,1372.18
29-02-12,1365.68
01-03-12,1374.09
02-03-12,1369.63
05-03-12,1364.33
06-03-12,1343.36
07-03-12,1352.63
08-03-12,1365.91
09-03-12,1370.87
12-03-12,1371.09
13-03-12,1395.95
14-03-12,1394.28
15-03-12,1402.6
16-03-12,1404.17
19-03-12,1409.75
20-03-12,1405.52
21-03-12,1402.89
22-03-12,1392.78
23-03-12,1397.11
26-03-12,1416.51
27-03-12,1412.52
28-03-12,1405.54
29-03-12,1403.28
30-03-12,1408.47
02-04-12,1419.04
03-04-12,1413.38
04-04-12,1398.96
05-04-12,1398.08
09-04-12,1382.2
10-04-12,1358.59
11-04-12,1368.71
12-04-12,1387.57
13-04-12,1370.26
16-04-12,1369.57
17-04-12,1390.78
18-04-12,1385.14
19-04-12,1376.92
20-04-12,1378.53
23-04-12,1366.94
24-04-12,1371.97
25-04-12,1390.69
26-04-12,1399.98
27-04-12,1403.36
30-04-12,1397.91
01-05-12,1405.82
02-05-12,1402.31
03-05-12,1391.57
04-05-12,1369.1
07-05-12,1369.58
08-05-12,1363.72
09-05-12,1354.58
10-05-12,1357.99
11-05-12,1353.39
14-05-12,1338.35
15-05-12,1330.66
16-05-12,1324.8
17-05-12,1304.86
18-05-12,1295.22
21-05-12,1315.99
22-05-12,1316.63
23-05-12,1318.86
24-05-12,1320.68
25-05-12,1317.82
29-05-12,1332.42
30-05-12,1313.32
31-05-12,1310.33
01-06-12,1278.04
04-06-12,1278.18
05-06-12,1285.5
06-06-12,1315.13
07-06-12,1314.99
08-06-12,1325.66
11-06-12,1308.93
12-06-12,1324.18
13-06-12,1314.88
14-06-12,1329.1
15-06-12,1342.84
18-06-12,1344.78
19-06-12,1357.98
20-06-12,1355.69
21-06-12,1325.51
22-06-12,1335.02
25-06-12,1313.72
26-06-12,1319.99
27-06-12,1331.85
28-06-12,1329.04
29-06-12,1362.16
02-07-12,1365.51
03-07-12,1374.02
05-07-12,1367.58
06-07-12,1354.68
09-07-12,1352.46
10-07-12,1341.47
11-07-12,1341.45
12-07-12,1334.76
13-07-12,1356.78
16-07-12,1353.64
17-07-12,1363.67
18-07-12,1372.78
19-07-12,1376.51
20-07-12,1362.66
23-07-12,1350.52
24-07-12,1338.31
25-07-12,1337.89
26-07-12,1360.02
27-07-12,1385.97
30-07-12,1385.3
31-07-12,1379.32
01-08-12,1375.32
02-08-12,1365
03-08-12,1390.99
06-08-12,1394.23
07-08-12,1401.35
08-08-12,1402.22
09-08-12,1402.8
10-08-12,1405.87
13-08-12,1404.11
14-08-12,1403.93
15-08-12,1405.53
16-08-12,1415.51
17-08-12,1418.16
20-08-12,1418.13
21-08-12,1413.17
22-08-12,1413.49
23-08-12,1402.08
24-08-12,1411.13
27-08-12,1410.44
28-08-12,1409.3
29-08-12,1410.49
30-08-12,1399.48
31-08-12,1406.58
04-09-12,1404.94
05-09-12,1403.44
06-09-12,1432.12
07-09-12,1437.92
10-09-12,1429.08
11-09-12,1433.56
12-09-12,1436.56
13-09-12,1459.99
14-09-12,1465.77
17-09-12,1461.19
18-09-12,1459.32
19-09-12,1461.05
20-09-12,1460.26
21-09-12,1460.15
24-09-12,1456.89
25-09-12,1441.59
26-09-12,1433.32
27-09-12,1447.15
28-09-12,1440.67
01-10-12,1444.49
02-10-12,1445.75
03-10-12,1450.99
04-10-12,1461.4
05-10-12,1460.93
08-10-12,1455.88
09-10-12,1441.48
10-10-12,1432.56
11-10-12,1432.84
12-10-12,1428.59
15-10-12,1440.13
16-10-12,1454.92
17-10-12,1460.91
18-10-12,1457.34
19-10-12,1433.19
22-10-12,1433.82
23-10-12,1413.11
24-10-12,1408.75
25-10-12,1412.97
26-10-12,1411.94
31-10-12,1412.16
01-11-12,1427.59
02-11-12,1414.2
05-11-12,1417.26
06-11-12,1428.39
07-11-12,1394.53
08-11-12,1377.51
09-11-12,1379.85
12-11-12,1380.03
13-11-12,1374.53
14-11-12,1355.49
15-11-12,1353.33
16-11-12,1359.88
19-11-12,1386.89
20-11-12,1387.81
21-11-12,1391.03
23-11-12,1409.15
26-11-12,1406.29
27-11-12,1398.94
28-11-12,1409.93
29-11-12,1415.95
30-11-12,1416.18
03-12-12,1409.46
04-12-12,1407.05
05-12-12,1409.28
06-12-12,1413.94
07-12-12,1418.07
10-12-12,1418.55
11-12-12,1427.84
12-12-12,1428.48
13-12-12,1419.45
14-12-12,1413.58
17-12-12,1430.36
18-12-12,1446.79
19-12-12,1435.81
20-12-12,1443.69
21-12-12,1430.15
24-12-12,1426.66
26-12-12,1419.83
27-12-12,1418.1
28-12-12,1402.43
31-12-12,1426.19
02-01-13,1462.42
03-01-13,1459.37
04-01-13,1466.47
07-01-13,1461.89
08-01-13,1457.15
09-01-13,1461.02
10-01-13,1472.12
11-01-13,1472.05
14-01-13,1470.68
15-01-13,1472.34
16-01-13,1472.63
17-01-13,1480.94
18-01-13,1485.98
22-01-13,1492.56
23-01-13,1494.81
24-01-13,1494.82
25-01-13,1502.96
28-01-13,1500.18
29-01-13,1507.84
30-01-13,1501.96
31-01-13,1498.11
01-02-13,1513.17
04-02-13,1495.71
05-02-13,1511.29
06-02-13,1512.12
07-02-13,1509.39
08-02-13,1517.93
11-02-13,1517.01
12-02-13,1519.43
13-02-13,1520.33
14-02-13,1521.38
15-02-13,1519.79
19-02-13,1530.94
20-02-13,1511.95
21-02-13,1502.42
22-02-13,1515.6
25-02-13,1487.85
26-02-13,1496.94
27-02-13,1515.99
28-02-13,1514.68
01-03-13,1518.2
04-03-13,1525.2
05-03-13,1539.79
06-03-13,1541.46
07-03-13,1544.26
08-03-13,1551.18
11-03-13,1556.22
12-03-13,1552.48
13-03-13,1554.52
14-03-13,1563.23
15-03-13,1560.7
18-03-13,1552.1
19-03-13,1548.34
20-03-13,1558.71
21-03-13,1545.8
22-03-13,1556.89
25-03-13,1551.69
26-03-13,1563.77
27-03-13,1562.85
28-03-13,1569.19
01-04-13,1562.17
02-04-13,1570.25
03-04-13,1553.69
04-04-13,1559.98
05-04-13,1553.28
08-04-13,1563.07
09-04-13,1568.61
10-04-13,1587.73
11-04-13,1593.37
12-04-13,1588.85
15-04-13,1552.36
16-04-13,1574.57
17-04-13,1552.01
18-04-13,1541.61
19-04-13,1555.25
22-04-13,1562.5
23-04-13,1578.78
24-04-13,1578.79
25-04-13,1585.16
26-04-13,1582.24
29-04-13,1593.61
30-04-13,1597.57
01-05-13,1582.7
02-05-13,1597.59
03-05-13,1614.42
06-05-13,1617.5
07-05-13,1625.96
08-05-13,1632.69
09-05-13,1626.67
10-05-13,1633.7
13-05-13,1633.77
14-05-13,1650.34
15-05-13,1658.78
16-05-13,1650.47
17-05-13,1667.47
20-05-13,1666.29
21-05-13,1669.16
22-05-13,1655.35
23-05-13,1650.51
24-05-13,1649.6
28-05-13,1660.06
29-05-13,1648.36
30-05-13,1654.41
31-05-13,1630.74
03-06-13,1640.42
04-06-13,1631.38
05-06-13,1608.9
06-06-13,1622.56
07-06-13,1643.38
10-06-13,1642.81
11-06-13,1626.13
12-06-13,1612.52
13-06-13,1636.36
14-06-13,1626.73
17-06-13,1639.04
18-06-13,1651.81
19-06-13,1628.93
20-06-13,1588.19
21-06-13,1592.43
24-06-13,1573.09
25-06-13,1588.03
26-06-13,1603.26
27-06-13,1613.2
28-06-13,1606.28
01-07-13,1614.96
02-07-13,1614.08
03-07-13,1615.41
05-07-13,1631.89
08-07-13,1640.46
09-07-13,1652.32
10-07-13,1652.62
11-07-13,1675.02
12-07-13,1680.19
15-07-13,1682.5
16-07-13,1676.26
17-07-13,1680.91
18-07-13,1689.37
19-07-13,1692.09
22-07-13,1695.53
23-07-13,1692.39
24-07-13,1685.94
25-07-13,1690.25
26-07-13,1691.65
29-07-13,1685.33
30-07-13,1685.96
31-07-13,1685.73
01-08-13,1706.87
02-08-13,1709.67
05-08-13,1707.14
06-08-13,1697.37
07-08-13,1690.91
08-08-13,1697.48
09-08-13,1691.42
12-08-13,1689.47
13-08-13,1694.16
14-08-13,1685.39
15-08-13,1661.32
16-08-13,1655.83
19-08-13,1646.06
20-08-13,1652.35
21-08-13,1642.8
22-08-13,1656.96
23-08-13,1663.5
26-08-13,1656.78
27-08-13,1630.48
28-08-13,1634.96
29-08-13,1638.17
30-08-13,1632.97
03-09-13,1639.77
04-09-13,1653.08
05-09-13,1655.08
06-09-13,1655.17
09-09-13,1671.71
10-09-13,1683.99
11-09-13,1689.13
12-09-13,1683.42
13-09-13,1687.99
16-09-13,1697.6
17-09-13,1704.76
18-09-13,1725.52
19-09-13,1722.34
20-09-13,1709.91
23-09-13,1701.84
24-09-13,1697.42
25-09-13,1692.77
26-09-13,1698.67
27-09-13,1691.75
30-09-13,1681.55
01-10-13,1695
02-10-13,1693.87
03-10-13,1678.66
04-10-13,1690.5
07-10-13,1676.12
08-10-13,1655.45
09-10-13,1656.4
10-10-13,1692.56
11-10-13,1703.2
14-10-13,1710.14
15-10-13,1698.06
16-10-13,1721.54
17-10-13,1733.15
18-10-13,1744.5
21-10-13,1744.66
22-10-13,1754.67
23-10-13,1746.38
24-10-13,1752.07
25-10-13,1759.77
28-10-13,1762.11
29-10-13,1771.95
30-10-13,1763.31
31-10-13,1756.54
01-11-13,1761.64
04-11-13,1767.93
05-11-13,1762.97
06-11-13,1770.49
07-11-13,1747.15
08-11-13,1770.61
11-11-13,1771.89
12-11-13,1767.69
13-11-13,1782
14-11-13,1790.62
15-11-13,1798.18
18-11-13,1791.53
19-11-13,1787.87
20-11-13,1781.37
21-11-13,1795.85
22-11-13,1804.76
25-11-13,1802.48
26-11-13,1802.75
27-11-13,1807.23
29-11-13,1805.81
02-12-13,1800.9
03-12-13,1795.15
04-12-13,1792.81
05-12-13,1785.03
06-12-13,1805.09
09-12-13,1808.37
10-12-13,1802.62
11-12-13,1782.22
12-12-13,1775.5
13-12-13,1775.32
16-12-13,1786.54
17-12-13,1781
18-12-13,1810.65
19-12-13,1809.6
20-12-13,1818.32
23-12-13,1827.99
24-12-13,1833.32
26-12-13,1842.02
27-12-13,1841.4
30-12-13,1841.07
31-12-13,1848.36
02-01-14,1831.98
03-01-14,1831.37
06-01-14,1826.77
07-01-14,1837.88
08-01-14,1837.49
09-01-14,1838.13
10-01-14,1842.37
13-01-14,1819.2
14-01-14,1838.88
15-01-14,1848.38
16-01-14,1845.89
17-01-14,1838.7
21-01-14,1843.8
22-01-14,1844.86
23-01-14,1828.46
24-01-14,1790.29
27-01-14,1781.56
28-01-14,1792.5
29-01-14,1774.2
30-01-14,1794.19
31-01-14,1782.59
03-02-14,1741.89
04-02-14,1755.2
05-02-14,1751.64
06-02-14,1773.43
07-02-14,1797.02
10-02-14,1799.84
11-02-14,1819.75
12-02-14,1819.26
13-02-14,1829.83
14-02-14,1838.63
18-02-14,1840.76
19-02-14,1828.75
20-02-14,1839.78
21-02-14,1836.25
24-02-14,1847.61
25-02-14,1845.12
26-02-14,1845.16
27-02-14,1854.29
28-02-14,1859.45
03-03-14,1845.73
04-03-14,1873.91
05-03-14,1873.81
06-03-14,1877.03
07-03-14,1878.04
10-03-14,1877.17
11-03-14,1867.63
12-03-14,1868.2
13-03-14,1846.34
14-03-14,1841.13
17-03-14,1858.83
18-03-14,1872.25
19-03-14,1860.77
20-03-14,1872.01
21-03-14,1866.52
24-03-14,1857.44
25-03-14,1865.62
26-03-14,1852.56
27-03-14,1849.04
28-03-14,1857.62
31-03-14,1872.34
01-04-14,1885.52
02-04-14,1890.9
03-04-14,1888.77
04-04-14,1865.09
07-04-14,1845.04
08-04-14,1851.96
09-04-14,1872.18
10-04-14,1833.08
11-04-14,1815.69
14-04-14,1830.61
15-04-14,1842.98
16-04-14,1862.31
17-04-14,1864.85
21-04-14,1871.89
22-04-14,1879.55
23-04-14,1875.39
24-04-14,1878.61
25-04-14,1863.4
28-04-14,1869.43
29-04-14,1878.33
30-04-14,1883.95
01-05-14,1883.68
02-05-14,1881.14
05-05-14,1884.66
06-05-14,1867.72
07-05-14,1878.21
08-05-14,1875.63
09-05-14,1878.48
12-05-14,1896.65
13-05-14,1897.45
14-05-14,1888.53
15-05-14,1870.85
16-05-14,1877.86
19-05-14,1885.08
20-05-14,1872.83
21-05-14,1888.03
22-05-14,1892.49
23-05-14,1900.53
27-05-14,1911.91
28-05-14,1909.78
29-05-14,1920.03
30-05-14,1923.57
02-06-14,1924.97
03-06-14,1924.24
04-06-14,1927.88
05-06-14,1940.46
06-06-14,1949.44
09-06-14,1951.27
10-06-14,1950.79
11-06-14,1943.89
12-06-14,1930.11
13-06-14,1936.16
16-06-14,1937.78
17-06-14,1941.99
18-06-14,1956.98
19-06-14,1959.48
20-06-14,1962.87
23-06-14,1962.61
24-06-14,1949.98
25-06-14,1959.53
26-06-14,1957.22
27-06-14,1960.96
30-06-14,1960.23
01-07-14,1973.32
02-07-14,1974.62
03-07-14,1985.44
07-07-14,1977.65
08-07-14,1963.71
09-07-14,1972.83
10-07-14,1964.68
11-07-14,1967.57
14-07-14,1977.1
15-07-14,1973.28
16-07-14,1981.57
17-07-14,1958.12
18-07-14,1978.22
21-07-14,1973.63
22-07-14,1983.53
23-07-14,1987.01
24-07-14,1987.98
25-07-14,1978.34
28-07-14,1978.91
29-07-14,1969.95
30-07-14,1970.07
31-07-14,1930.67
01-08-14,1925.15
04-08-14,1938.99
05-08-14,1920.21
06-08-14,1920.24
07-08-14,1909.57
08-08-14,1931.59
11-08-14,1936.92
12-08-14,1933.75
13-08-14,1946.72
14-08-14,1955.18
15-08-14,1955.06
18-08-14,1971.74
19-08-14,1981.6
20-08-14,1986.51
21-08-14,1992.37
22-08-14,1988.4
25-08-14,1997.92
26-08-14,2000.02
27-08-14,2000.12
28-08-14,1996.74
29-08-14,2003.37
02-09-14,2002.28
03-09-14,2000.72
04-09-14,1997.65
05-09-14,2007.71
08-09-14,2001.54
09-09-14,1988.44
10-09-14,1995.69
11-09-14,1997.45
12-09-14,1985.54
15-09-14,1984.13
16-09-14,1998.98
17-09-14,2001.57
18-09-14,2011.36
19-09-14,2010.4
22-09-14,1994.29
23-09-14,1982.77
24-09-14,1998.3
25-09-14,1965.99
26-09-14,1982.85
29-09-14,1977.8
30-09-14,1972.29
01-10-14,1946.16
02-10-14,1946.17
03-10-14,1967.9
06-10-14,1964.82
07-10-14,1935.1
08-10-14,1968.89
09-10-14,1928.21
10-10-14,1906.13
13-10-14,1874.74
14-10-14,1877.7
15-10-14,1862.49
16-10-14,1862.76
17-10-14,1886.76
20-10-14,1904.01
21-10-14,1941.28
22-10-14,1927.11
23-10-14,1950.82
24-10-14,1964.58
27-10-14,1961.63
28-10-14,1985.05
29-10-14,1982.3
30-10-14,1994.65
31-10-14,2018.05
03-11-14,2017.81
04-11-14,2012.1
05-11-14,2023.57
06-11-14,2031.21
07-11-14,2031.92
10-11-14,2038.26
11-11-14,2039.68
12-11-14,2038.25
13-11-14,2039.33
14-11-14,2039.82
17-11-14,2041.32
18-11-14,2051.8
19-11-14,2048.72
20-11-14,2052.75
21-11-14,2063.5
24-11-14,2069.41
25-11-14,2067.03
26-11-14,2072.83
28-11-14,2067.56
01-12-14,2053.44
02-12-14,2066.55
03-12-14,2074.33
04-12-14,2071.92
05-12-14,2075.37
08-12-14,2060.31
09-12-14,2059.82
10-12-14,2026.14
11-12-14,2035.33
12-12-14,2002.33
15-12-14,1989.63
16-12-14,1972.74
17-12-14,2012.89
18-12-14,2061.23
19-12-14,2070.65
22-12-14,2078.54
23-12-14,2082.17
24-12-14,2081.88
26-12-14,2088.77
29-12-14,2090.57
30-12-14,2080.35
31-12-14,2058.9
02-01-15,2058.2
05-01-15,2020.58
06-01-15,2002.61
07-01-15,2025.9
08-01-15,2062.14
09-01-15,2044.81
12-01-15,2028.26
13-01-15,2023.03
14-01-15,2011.27
15-01-15,1992.67
16-01-15,2019.42
20-01-15,2022.55
21-01-15,2032.12
22-01-15,2063.15
23-01-15,2051.82
26-01-15,2057.09
27-01-15,2029.55
28-01-15,2002.16
29-01-15,2021.25
30-01-15,1994.99
02-02-15,2020.85
03-02-15,2050.03
04-02-15,2041.51
05-02-15,2062.52
06-02-15,2055.47
09-02-15,2046.74
10-02-15,2068.59
11-02-15,2068.53
12-02-15,2088.48
13-02-15,2096.99
17-02-15,2100.34
18-02-15,2099.68
19-02-15,2097.45
20-02-15,2110.3
23-02-15,2109.66
24-02-15,2115.48
25-02-15,2113.86
26-02-15,2110.74
27-02-15,2104.5
02-03-15,2117.39
03-03-15,2107.78
04-03-15,2098.53
05-03-15,2101.04
06-03-15,2071.26
09-03-15,2079.43
10-03-15,2044.16
11-03-15,2040.24
12-03-15,2065.95
13-03-15,2053.4
16-03-15,2081.19
17-03-15,2074.28
18-03-15,2099.5
19-03-15,2089.27
20-03-15,2108.1
23-03-15,2104.42
24-03-15,2091.5
25-03-15,2061.05
26-03-15,2056.15
27-03-15,2061.02
30-03-15,2086.24
31-03-15,2067.89
01-04-15,2059.69
02-04-15,2066.96
06-04-15,2080.62
07-04-15,2076.33
08-04-15,2081.9
09-04-15,2091.18
10-04-15,2102.06
13-04-15,2092.43
14-04-15,2095.84
15-04-15,2106.63
16-04-15,2104.99
17-04-15,2081.18
20-04-15,2100.4
21-04-15,2097.29
22-04-15,2107.96
23-04-15,2112.93
24-04-15,2117.69
27-04-15,2108.92
28-04-15,2114.76
29-04-15,2106.85
30-04-15,2085.51
01-05-15,2108.29
04-05-15,2114.49
05-05-15,2089.46
06-05-15,2080.15
07-05-15,2088
08-05-15,2116.1
11-05-15,2105.33
12-05-15,2099.12
13-05-15,2098.48
14-05-15,2121.1
15-05-15,2122.73
18-05-15,2129.2
19-05-15,2127.83
20-05-15,2125.85
21-05-15,2130.82
22-05-15,2126.06
26-05-15,2104.2
27-05-15,2123.48
28-05-15,2120.79
29-05-15,2107.39
01-06-15,2111.73
02-06-15,2109.6
03-06-15,2114.07
04-06-15,2095.84
05-06-15,2092.83
08-06-15,2079.28
09-06-15,2080.15
10-06-15,2105.2
11-06-15,2108.86
12-06-15,2094.11
15-06-15,2084.43
16-06-15,2096.29
17-06-15,2100.44
18-06-15,2121.24
19-06-15,2109.99
22-06-15,2122.85
23-06-15,2124.2
24-06-15,2108.58
25-06-15,2102.31
26-06-15,2101.49
29-06-15,2057.64
30-06-15,2063.11
01-07-15,2077.42
02-07-15,2076.78
06-07-15,2068.76
07-07-15,2081.34
08-07-15,2046.68
09-07-15,2051.31
10-07-15,2076.62
13-07-15,2099.6
14-07-15,2108.95
15-07-15,2107.4
16-07-15,2124.29
17-07-15,2126.64
20-07-15,2128.28
21-07-15,2119.21
22-07-15,2114.15
23-07-15,2102.15
24-07-15,2079.65
27-07-15,2067.64
28-07-15,2093.25
29-07-15,2108.57
30-07-15,2108.63
31-07-15,2103.84
03-08-15,2098.04
04-08-15,2093.32
05-08-15,2099.84
06-08-15,2083.56
07-08-15,2077.57
10-08-15,2104.18
11-08-15,2084.07
12-08-15,2086.05
13-08-15,2083.39
14-08-15,2091.54
17-08-15,2102.44
18-08-15,2096.92
19-08-15,2079.61
20-08-15,2035.73
21-08-15,1970.89
24-08-15,1893.21
25-08-15,1867.61
26-08-15,1940.51
27-08-15,1987.66
28-08-15,1988.87
31-08-15,1972.18
01-09-15,1913.85
02-09-15,1948.86
03-09-15,1951.13
04-09-15,1921.22
08-09-15,1969.41
09-09-15,1942.04
10-09-15,1952.29
11-09-15,1961.05
14-09-15,1953.03
15-09-15,1978.09
16-09-15,1995.31
17-09-15,1990.2
18-09-15,1958.03
21-09-15,1966.97
22-09-15,1942.74
23-09-15,1938.76
24-09-15,1932.24
25-09-15,1931.34
28-09-15,1881.77
29-09-15,1884.09
30-09-15,1920.03
01-10-15,1923.82
02-10-15,1951.36
05-10-15,1987.05
06-10-15,1979.92
07-10-15,1995.83
08-10-15,2013.43
09-10-15,2014.89
12-10-15,2017.46
13-10-15,2003.69
14-10-15,1994.24
15-10-15,2023.86
16-10-15,2033.11
19-10-15,2033.66
20-10-15,2030.77
21-10-15,2018.94
22-10-15,2052.51
23-10-15,2075.15
26-10-15,2071.18
27-10-15,2065.89
28-10-15,2090.35
29-10-15,2089.41
30-10-15,2079.36
02-11-15,2104.05
03-11-15,2109.79
04-11-15,2102.31
05-11-15,2099.93
06-11-15,2099.2
09-11-15,2078.58
10-11-15,2081.72
11-11-15,2075
12-11-15,2045.97
13-11-15,2023.04
16-11-15,2053.19
17-11-15,2050.44
18-11-15,2083.58
19-11-15,2081.24
20-11-15,2089.17
23-11-15,2086.59
24-11-15,2089.14
25-11-15,2088.87
27-11-15,2090.11
30-11-15,2080.41
01-12-15,2102.63
02-12-15,2079.51
03-12-15,2049.62
04-12-15,2091.69
07-12-15,2077.07
08-12-15,2063.59
09-12-15,2047.62
10-12-15,2052.23
11-12-15,2012.37
14-12-15,2021.94
15-12-15,2043.41
16-12-15,2073.07
17-12-15,2041.89
18-12-15,2005.55
21-12-15,2021.15
22-12-15,2038.97
23-12-15,2064.29
24-12-15,2060.99
28-12-15,2056.5
29-12-15,2078.36
30-12-15,2063.36
31-12-15,2043.94
04-01-16,2012.66
05-01-16,2016.71
06-01-16,1990.26
07-01-16,1943.09
08-01-16,1922.03
11-01-16,1923.67
12-01-16,1938.68
13-01-16,1890.28
14-01-16,1921.84
15-01-16,1880.33
19-01-16,1881.33
20-01-16,1859.33
21-01-16,1868.99
22-01-16,1906.9
25-01-16,1877.08
26-01-16,1903.63
27-01-16,1882.95
28-01-16,1893.36
29-01-16,1940.24
01-02-16,1939.38
02-02-16,1903.03
03-02-16,1912.53
04-02-16,1915.45
05-02-16,1880.05
08-02-16,1853.44
09-02-16,1852.21
10-02-16,1851.86
11-02-16,1829.08
12-02-16,1864.78
16-02-16,1895.58
17-02-16,1926.82
18-02-16,1917.83
19-02-16,1917.78
22-02-16,1945.5
23-02-16,1921.27
24-02-16,1929.8
25-02-16,1951.7
26-02-16,1948.05
29-02-16,1932.23
01-03-16,1978.35
02-03-16,1986.45
03-03-16,1993.4
04-03-16,1999.99
07-03-16,2001.76
08-03-16,1979.26
09-03-16,1989.26
10-03-16,1989.57
11-03-16,2022.19
14-03-16,2019.64
15-03-16,2015.93
16-03-16,2027.22
17-03-16,2040.59
18-03-16,2049.58
21-03-16,2051.6
22-03-16,2049.8
23-03-16,2036.71
24-03-16,2035.94
28-03-16,2037.05
29-03-16,2055.01
30-03-16,2063.95
31-03-16,2059.74
01-04-16,2072.78
04-04-16,2066.13
05-04-16,2045.17
06-04-16,2066.66
07-04-16,2041.91
08-04-16,2047.6
11-04-16,2041.99
12-04-16,2061.72
13-04-16,2082.42
14-04-16,2082.78
15-04-16,2080.73
18-04-16,2094.34
19-04-16,2100.8
20-04-16,2102.4
21-04-16,2091.48
22-04-16,2091.58
25-04-16,2087.79
26-04-16,2091.7
27-04-16,2095.15
28-04-16,2075.81
29-04-16,2065.3
02-05-16,2081.43
03-05-16,2063.37
04-05-16,2051.12
05-05-16,2050.63
06-05-16,2057.14
09-05-16,2058.69
10-05-16,2084.39
11-05-16,2064.46
12-05-16,2064.11
13-05-16,2046.61
16-05-16,2066.66
17-05-16,2047.21
18-05-16,2047.63
19-05-16,2040.04
20-05-16,2052.32
23-05-16,2048.04
24-05-16,2076.06
25-05-16,2090.54
26-05-16,2090.1
27-05-16,2099.06
31-05-16,2096.95
01-06-16,2099.33
02-06-16,2105.26
03-06-16,2099.13
06-06-16,2109.41
07-06-16,2112.13
08-06-16,2119.12
09-06-16,2115.48
10-06-16,2096.07
13-06-16,2079.06
14-06-16,2075.32
15-06-16,2071.5
16-06-16,2077.99
17-06-16,2071.22
20-06-16,2083.25
21-06-16,2088.9
22-06-16,2085.45
23-06-16,2113.32
24-06-16,2037.41
27-06-16,2000.54
28-06-16,2036.09
29-06-16,2070.77
30-06-16,2098.86
01-07-16,2102.95
05-07-16,2088.55
06-07-16,2099.73
07-07-16,2097.9
08-07-16,2129.9
11-07-16,2137.16
12-07-16,2152.14
13-07-16,2152.43
14-07-16,2163.75
15-07-16,2161.74
18-07-16,2166.89
19-07-16,2163.78
20-07-16,2173.02
21-07-16,2165.17
22-07-16,2175.03
25-07-16,2168.48
26-07-16,2169.18
27-07-16,2166.58
28-07-16,2170.06
29-07-16,2173.6
01-08-16,2170.84
02-08-16,2157.03
03-08-16,2163.79
04-08-16,2164.25
05-08-16,2182.87
08-08-16,2180.89
09-08-16,2181.74
10-08-16,2175.49
11-08-16,2185.79
12-08-16,2184.05
15-08-16,2190.15
16-08-16,2178.15
17-08-16,2182.22
18-08-16,2187.02
19-08-16,2183.87
22-08-16,2182.64
23-08-16,2186.9
24-08-16,2175.44
25-08-16,2172.47
26-08-16,2169.04
29-08-16,2180.38
30-08-16,2176.12
31-08-16,2170.95
01-09-16,2170.86
02-09-16,2179.98
06-09-16,2186.48
07-09-16,2186.16
08-09-16,2181.3
09-09-16,2127.81
12-09-16,2159.04
13-09-16,2127.02
14-09-16,2125.77
15-09-16,2147.26
16-09-16,2139.16
19-09-16,2139.12
20-09-16,2139.76
21-09-16,2163.12
22-09-16,2177.18
23-09-16,2164.69
26-09-16,2146.1
27-09-16,2159.93
28-09-16,2171.37
29-09-16,2151.13
30-09-16,2168.27
03-10-16,2161.2
04-10-16,2150.49
05-10-16,2159.73
06-10-16,2160.77
07-10-16,2153.74
10-10-16,2163.66
11-10-16,2136.73
12-10-16,2139.18
13-10-16,2132.55
14-10-16,2132.98
17-10-16,2126.5
18-10-16,2139.6
19-10-16,2144.29
20-10-16,2141.34
21-10-16,2141.16
24-10-16,2151.33
25-10-16,2143.16
26-10-16,2139.43
27-10-16,2133.04
28-10-16,2126.41
31-10-16,2126.15
01-11-16,2111.72
02-11-16,2097.94
03-11-16,2088.66
04-11-16,2085.18
07-11-16,2131.52
08-11-16,2139.56
09-11-16,2163.26
10-11-16,2167.48
11-11-16,2164.45
14-11-16,2164.2
15-11-16,2180.39
16-11-16,2176.94
17-11-16,2187.12
18-11-16,2181.9
21-11-16,2198.18
22-11-16,2202.94
23-11-16,2204.72
25-11-16,2213.35
28-11-16,2201.72
29-11-16,2204.66
30-11-16,2198.81
01-12-16,2191.08
02-12-16,2191.95
05-12-16,2204.71
06-12-16,2212.23
07-12-16,2241.35
08-12-16,2246.19
09-12-16,2259.53
12-12-16,2256.96
13-12-16,2271.72
14-12-16,2253.28
15-12-16,2262.03
16-12-16,2258.07
19-12-16,2262.53
20-12-16,2270.76
21-12-16,2265.18
22-12-16,2260.96
23-12-16,2263.79
27-12-16,2268.88
28-12-16,2249.92
29-12-16,2249.26
30-12-16,2238.83
03-01-17,2257.83
04-01-17,2270.75
05-01-17,2269
06-01-17,2276.98
09-01-17,2268.9
10-01-17,2268.9
11-01-17,2275.32
12-01-17,2270.44
13-01-17,2274.64
17-01-17,2267.89
18-01-17,2271.89
19-01-17,2263.69
20-01-17,2271.31
23-01-17,2265.2
24-01-17,2280.07
25-01-17,2298.37
26-01-17,2296.68
27-01-17,2294.69
30-01-17,2280.9
31-01-17,2278.87
01-02-17,2279.55
02-02-17,2280.85
03-02-17,2297.42
06-02-17,2292.56
07-02-17,2293.08
08-02-17,2294.67
09-02-17,2307.87
10-02-17,2316.1
13-02-17,2328.25
14-02-17,2337.58
15-02-17,2349.25
16-02-17,2347.22
17-02-17,2351.16
21-02-17,2365.38
22-02-17,2362.82
23-02-17,2363.81
24-02-17,2367.34
27-02-17,2369.75
28-02-17,2363.64
01-03-17,2395.96
02-03-17,2381.92
03-03-17,2383.12
06-03-17,2375.31
07-03-17,2368.39
08-03-17,2362.98
09-03-17,2364.87
10-03-17,2372.6
13-03-17,2373.47
14-03-17,2365.45
15-03-17,2385.26
16-03-17,2381.38
17-03-17,2378.25
20-03-17,2373.47
21-03-17,2344.02
22-03-17,2348.45
23-03-17,2345.96
24-03-17,2343.98
27-03-17,2341.59
28-03-17,2358.57
29-03-17,2361.13
30-03-17,2368.06
31-03-17,2362.72
03-04-17,2358.84
04-04-17,2360.16
05-04-17,2352.95
06-04-17,2357.49
07-04-17,2355.54
10-04-17,2357.16
11-04-17,2353.78
12-04-17,2344.93
13-04-17,2328.95
17-04-17,2349.01
18-04-17,2342.19
19-04-17,2338.17
20-04-17,2355.84
21-04-17,2348.69
24-04-17,2374.15
25-04-17,2388.61
26-04-17,2387.45
27-04-17,2388.77
28-04-17,2384.2
01-05-17,2388.33
02-05-17,2391.17
03-05-17,2388.13
04-05-17,2389.52
05-05-17,2399.29
08-05-17,2399.38
09-05-17,2396.92
10-05-17,2399.63
11-05-17,2394.44
12-05-17,2390.9
15-05-17,2402.32
16-05-17,2400.67
17-05-17,2357.03
18-05-17,2365.72
19-05-17,2381.73
22-05-17,2394.02
23-05-17,2398.42
24-05-17,2404.39
25-05-17,2415.07
26-05-17,2415.82
30-05-17,2412.91
31-05-17,2411.8
01-06-17,2430.06
02-06-17,2439.07
05-06-17,2436.1
06-06-17,2429.33
07-06-17,2433.14
08-06-17,2433.79
09-06-17,2431.77
12-06-17,2429.39
13-06-17,2440.35
14-06-17,2437.92
15-06-17,2432.46
16-06-17,2433.15
19-06-17,2453.46
20-06-17,2437.03
21-06-17,2435.61
22-06-17,2434.5
23-06-17,2438.3
26-06-17,2439.07
27-06-17,2419.38
28-06-17,2440.69
29-06-17,2419.7
30-06-17,2423.41
03-07-17,2429.01
05-07-17,2432.54
06-07-17,2409.75
07-07-17,2425.18
10-07-17,2427.43
11-07-17,2425.53
12-07-17,2443.25
13-07-17,2447.83
14-07-17,2459.27
17-07-17,2459.14
18-07-17,2460.61
19-07-17,2473.83
20-07-17,2473.45
21-07-17,2472.54
24-07-17,2469.91
25-07-17,2477.13
26-07-17,2477.83
27-07-17,2475.42
28-07-17,2472.1
31-07-17,2470.3
01-08-17,2476.35
02-08-17,2477.57
03-08-17,2472.16
04-08-17,2476.83
07-08-17,2480.91
08-08-17,2474.92
09-08-17,2474.02
10-08-17,2438.21
11-08-17,2441.32
14-08-17,2465.84
15-08-17,2464.61
16-08-17,2468.11
17-08-17,2430.01
18-08-17,2425.55
21-08-17,2428.37
22-08-17,2452.51
23-08-17,2444.04
24-08-17,2438.97
25-08-17,2443.05
28-08-17,2444.24
29-08-17,2446.3
30-08-17,2457.59
31-08-17,2471.65
01-09-17,2476.55
05-09-17,2457.85
06-09-17,2465.54
07-09-17,2465.1
08-09-17,2461.43
11-09-17,2488.11
12-09-17,2496.48
13-09-17,2498.37
14-09-17,2495.62
15-09-17,2500.23
18-09-17,2503.87
19-09-17,2506.65
20-09-17,2508.24
21-09-17,2500.6
22-09-17,2502.22
25-09-17,2496.66
26-09-17,2496.84
27-09-17,2507.04
28-09-17,2510.06
29-09-17,2519.36
02-10-17,2529.12
03-10-17,2534.58
04-10-17,2537.74
05-10-17,2552.07
06-10-17,2549.33
09-10-17,2544.73
10-10-17,2550.64
11-10-17,2555.24
12-10-17,2550.93
13-10-17,2553.17
16-10-17,2557.64
17-10-17,2559.36
18-10-17,2561.26
19-10-17,2562.1
20-10-17,2575.21
23-10-17,2564.98
24-10-17,2569.13
25-10-17,2557.15
26-10-17,2560.4
27-10-17,2581.07
30-10-17,2572.83
31-10-17,2575.26
01-11-17,2579.36
02-11-17,2579.85
03-11-17,2587.84
06-11-17,2591.13
07-11-17,2590.64
08-11-17,2594.38
09-11-17,2584.62
10-11-17,2582.3
13-11-17,2584.84
14-11-17,2578.87
15-11-17,2564.62
16-11-17,2585.64
17-11-17,2578.85
20-11-17,2582.14
21-11-17,2599.03
22-11-17,2597.08
24-11-17,2602.42
27-11-17,2601.42
28-11-17,2627.04
29-11-17,2626.07
30-11-17,2647.58
01-12-17,2642.22
04-12-17,2639.44
05-12-17,2629.57
06-12-17,2629.27
07-12-17,2636.98
08-12-17,2651.5
11-12-17,2659.99
12-12-17,2664.11
13-12-17,2662.85
14-12-17,2652.01
15-12-17,2675.81
18-12-17,2690.16
19-12-17,2681.47
20-12-17,2679.25
21-12-17,2684.57
22-12-17,2683.34
26-12-17,2680.5
27-12-17,2682.62
28-12-17,2687.54
29-12-17,2673.61
02-01-18,2695.81
03-01-18,2713.06
04-01-18,2723.99
05-01-18,2743.15
08-01-18,2747.71
09-01-18,2751.29
10-01-18,2748.23
11-01-18,2767.56
12-01-18,2786.24
16-01-18,2776.42
17-01-18,2802.56
18-01-18,2798.03
19-01-18,2810.3
22-01-18,2832.97
23-01-18,2839.13
24-01-18,2837.54
25-01-18,2839.25
26-01-18,2872.87
29-01-18,2853.53
30-01-18,2822.43
31-01-18,2823.81
01-02-18,2821.98
02-02-18,2762.13
05-02-18,2648.94
06-02-18,2695.14
07-02-18,2681.66
08-02-18,2581
09-02-18,2619.55
12-02-18,2656
13-02-18,2662.94
14-02-18,2698.63
15-02-18,2731.2
16-02-18,2732.22
20-02-18,2716.26
21-02-18,2701.33
22-02-18,2703.96
23-02-18,2747.3
26-02-18,2779.6
27-02-18,2744.28
28-02-18,2713.83
01-03-18,2677.67
02-03-18,2691.25
05-03-18,2720.94
06-03-18,2728.12
07-03-18,2726.8
08-03-18,2738.97
09-03-18,2786.57
12-03-18,2783.02
13-03-18,2765.31
14-03-18,2749.48
15-03-18,2747.33
16-03-18,2752.01
19-03-18,2712.92
20-03-18,2716.94
21-03-18,2711.93
22-03-18,2643.69
23-03-18,2588.26
26-03-18,2658.55
27-03-18,2612.62
28-03-18,2605
29-03-18,2640.87
02-04-18,2581.88
03-04-18,2614.45
04-04-18,2644.69
05-04-18,2662.84
06-04-18,2604.47
09-04-18,2613.16
10-04-18,2656.87
11-04-18,2642.19
12-04-18,2663.99
13-04-18,2656.3
16-04-18,2677.84
17-04-18,2706.39
18-04-18,2708.64
19-04-18,2693.13
20-04-18,2670.14
23-04-18,2670.29
24-04-18,2634.56
25-04-18,2639.4
26-04-18,2666.94
27-04-18,2669.91
30-04-18,2648.05
01-05-18,2654.8
02-05-18,2635.67
03-05-18,2629.73
04-05-18,2663.42
07-05-18,2672.63
08-05-18,2671.92
09-05-18,2697.79
10-05-18,2723.07
11-05-18,2727.72
14-05-18,2730.13
15-05-18,2711.45
16-05-18,2722.46
17-05-18,2720.13
18-05-18,2712.97
21-05-18,2733.01
22-05-18,2724.44
23-05-18,2733.29
24-05-18,2727.76
25-05-18,2721.33
29-05-18,2689.86
30-05-18,2724.01
31-05-18,2705.27
01-06-18,2734.62
04-06-18,2746.87
05-06-18,2748.8
06-06-18,2772.35
07-06-18,2770.37
08-06-18,2779.03
11-06-18,2782
12-06-18,2786.85
13-06-18,2775.63
14-06-18,2782.49
15-06-18,2779.66
18-06-18,2773.75
19-06-18,2762.59
20-06-18,2767.32
21-06-18,2749.76
22-06-18,2754.88
25-06-18,2717.07
26-06-18,2723.06
27-06-18,2699.63
28-06-18,2716.31
29-06-18,2718.37
02-07-18,2726.71
03-07-18,2713.22
05-07-18,2736.61
06-07-18,2759.82
09-07-18,2784.17
10-07-18,2793.84
11-07-18,2774.02
12-07-18,2798.29
13-07-18,2801.31
16-07-18,2798.43
17-07-18,2809.55
18-07-18,2815.62
19-07-18,2804.49
20-07-18,2801.83
23-07-18,2806.98
24-07-18,2820.4
25-07-18,2846.07
26-07-18,2837.44
27-07-18,2818.82
30-07-18,2802.6
31-07-18,2816.29
01-08-18,2813.36
02-08-18,2827.22
03-08-18,2840.35
06-08-18,2850.4
07-08-18,2858.45
08-08-18,2857.7
09-08-18,2853.58
10-08-18,2833.28
13-08-18,2821.93
14-08-18,2839.96
15-08-18,2818.37
16-08-18,2840.69
17-08-18,2850.13
20-08-18,2857.05
21-08-18,2862.96
22-08-18,2861.82
23-08-18,2856.98
24-08-18,2874.69
27-08-18,2896.74
28-08-18,2897.52
29-08-18,2914.04
30-08-18,2901.13
31-08-18,2901.52
04-09-18,2896.72
05-09-18,2888.6
06-09-18,2878.05
07-09-18,2871.68
10-09-18,2877.13
11-09-18,2887.89
12-09-18,2888.92
13-09-18,2904.18
14-09-18,2904.98
17-09-18,2888.8
18-09-18,2904.31
19-09-18,2907.95
20-09-18,2930.75
21-09-18,2929.67
24-09-18,2919.37
25-09-18,2915.56
26-09-18,2905.97
27-09-18,2914
28-09-18,2913.98
01-10-18,2924.59
02-10-18,2923.43
03-10-18,2925.51
04-10-18,2901.61
05-10-18,2885.57
08-10-18,2884.43
09-10-18,2880.34
10-10-18,2785.68
11-10-18,2728.37
12-10-18,2767.13
15-10-18,2750.79
16-10-18,2809.92
17-10-18,2809.21
18-10-18,2768.78
19-10-18,2767.78
22-10-18,2755.88
23-10-18,2740.69
24-10-18,2656.1
25-10-18,2705.57
26-10-18,2658.69
29-10-18,2641.25
30-10-18,2682.63
31-10-18,2711.74
01-11-18,2740.37
02-11-18,2723.06
05-11-18,2738.31
06-11-18,2755.45
07-11-18,2813.89
08-11-18,2806.83
09-11-18,2781.01
12-11-18,2726.22
13-11-18,2722.18
14-11-18,2701.58
15-11-18,2730.2
16-11-18,2736.27
19-11-18,2690.73
20-11-18,2641.89
21-11-18,2649.93
23-11-18,2632.56
26-11-18,2673.45
27-11-18,2682.17
28-11-18,2743.79
29-11-18,2737.8
30-11-18,2760.17
03-12-18,2790.37
04-12-18,2700.06
06-12-18,2695.95
07-12-18,2633.08
10-12-18,2637.72
11-12-18,2636.78
12-12-18,2651.07
13-12-18,2650.54
14-12-18,2599.95
17-12-18,2545.94
18-12-18,2546.16
19-12-18,2506.96
20-12-18,2467.42
21-12-18,2416.62
24-12-18,2351.1
26-12-18,2467.7
27-12-18,2488.83
28-12-18,2485.74
31-12-18,2506.85
02-01-19,2510.03
03-01-19,2447.89
04-01-19,2531.94
07-01-19,2549.69
08-01-19,2574.41
09-01-19,2584.96
10-01-19,2596.64
11-01-19,2596.26
14-01-19,2582.61
15-01-19,2610.3
16-01-19,2616.1
17-01-19,2635.96
18-01-19,2670.71
22-01-19,2632.9
23-01-19,2638.7
24-01-19,2642.33
25-01-19,2664.76
28-01-19,2643.85
29-01-19,2640
30-01-19,2681.05
31-01-19,2704.1
01-02-19,2706.53
04-02-19,2724.87
05-02-19,2737.7
06-02-19,2731.61
07-02-19,2706.05
08-02-19,2707.88
11-02-19,2709.8
12-02-19,2744.73
13-02-19,2753.03
14-02-19,2745.73
15-02-19,2775.6
19-02-19,2779.76
20-02-19,2784.7
21-02-19,2774.88
22-02-19,2792.67
25-02-19,2796.11
26-02-19,2793.9
27-02-19,2792.38
28-02-19,2784.49
01-03-19,2803.69
04-03-19,2792.81
05-03-19,2789.65
06-03-19,2771.45
07-03-19,2748.93
08-03-19,2743.07
11-03-19,2783.3
12-03-19,2791.52
13-03-19,2810.92
14-03-19,2808.48
15-03-19,2822.48
18-03-19,2832.94
19-03-19,2832.57
20-03-19,2824.23
21-03-19,2854.88
22-03-19,2800.71
25-03-19,2798.36
26-03-19,2818.46
27-03-19,2805.37
28-03-19,2815.44
29-03-19,2834.4
01-04-19,2867.19
02-04-19,2867.24
03-04-19,2873.4
04-04-19,2879.39
05-04-19,2892.74
08-04-19,2895.77
09-04-19,2878.2
10-04-19,2888.21
11-04-19,2888.32
12-04-19,2907.41
15-04-19,2905.58
16-04-19,2907.06
17-04-19,2900.45
18-04-19,2905.03
22-04-19,2907.97
23-04-19,2933.68
24-04-19,2927.25
25-04-19,2926.17
26-04-19,2939.88
29-04-19,2943.03
30-04-19,2945.83
01-05-19,2923.73
02-05-19,2917.52
03-05-19,2945.64
06-05-19,2932.47
07-05-19,2884.05
08-05-19,2879.42
09-05-19,2870.72
10-05-19,2881.4
13-05-19,2811.87
14-05-19,2834.41
15-05-19,2850.96
16-05-19,2876.32
17-05-19,2859.53
20-05-19,2840.23
21-05-19,2864.36
22-05-19,2856.27
23-05-19,2822.24
24-05-19,2826.06
28-05-19,2802.39
29-05-19,2783.02
30-05-19,2788.86
31-05-19,2752.06
03-06-19,2744.45
04-06-19,2803.27
05-06-19,2826.15
06-06-19,2843.49
07-06-19,2873.34
10-06-19,2886.73
11-06-19,2885.72
12-06-19,2879.84
13-06-19,2891.64
14-06-19,2886.98
17-06-19,2889.67
18-06-19,2917.75
19-06-19,2926.46
20-06-19,2954.18
21-06-19,2950.46
24-06-19,2945.35
25-06-19,2917.38
26-06-19,2913.78
27-06-19,2924.92
28-06-19,2941.76
01-07-19,2964.33
02-07-19,2973.01
03-07-19,2995.82
05-07-19,2990.41
08-07-19,2975.95
09-07-19,2979.63
10-07-19,2993.07
11-07-19,2999.91
12-07-19,3013.77
15-07-19,3014.3
16-07-19,3004.04
17-07-19,2984.42
18-07-19,2995.11
19-07-19,2976.61
22-07-19,2985.03
23-07-19,3005.47
24-07-19,3019.56
25-07-19,3003.67
26-07-19,3025.86
29-07-19,3020.97
30-07-19,3013.18
31-07-19,2980.38
01-08-19,2953.56
02-08-19,2932.05
05-08-19,2844.74
06-08-19,2881.77
07-08-19,2883.98
08-08-19,2938.09
09-08-19,2918.65
12-08-19,2882.7
13-08-19,2926.32
14-08-19,2840.6
15-08-19,2847.6
16-08-19,2888.68
19-08-19,2923.65
20-08-19,2900.51
21-08-19,2924.43
22-08-19,2922.95
23-08-19,2847.11
26-08-19,2878.38
27-08-19,2869.16
28-08-19,2887.94
29-08-19,2924.58
30-08-19,2926.46
03-09-19,2906.27
04-09-19,2937.78
05-09-19,2976
06-09-19,2978.71
09-09-19,2978.43
10-09-19,2979.39
11-09-19,3000.93
12-09-19,3009.57
13-09-19,3007.39
16-09-19,2997.96
17-09-19,3005.7
18-09-19,3006.73
19-09-19,3006.79
20-09-19,2992.07
23-09-19,2991.78
24-09-19,2966.6
25-09-19,2984.87
26-09-19,2977.62
27-09-19,2961.79
30-09-19,2976.74
01-10-19,2940.25
02-10-19,2887.61
03-10-19,2910.63
04-10-19,2952.01
07-10-19,2938.79
08-10-19,2893.06
09-10-19,2919.4
10-10-19,2938.13
11-10-19,2970.27
14-10-19,2966.15
15-10-19,2995.68
16-10-19,2989.69
17-10-19,2997.95
18-10-19,2986.2
21-10-19,3006.72
22-10-19,2995.99
23-10-19,3004.52
24-10-19,3010.29
25-10-19,3022.55
28-10-19,3039.42
29-10-19,3036.89
30-10-19,3046.77
31-10-19,3037.56
01-11-19,3066.91
04-11-19,3078.27
05-11-19,3074.62
06-11-19,3076.78
07-11-19,3085.18
08-11-19,3093.08
11-11-19,3087.01
12-11-19,3091.84
13-11-19,3094.04
14-11-19,3096.63
15-11-19,3120.46
18-11-19,3122.03
19-11-19,3120.18
20-11-19,3108.46
21-11-19,3103.54
22-11-19,3110.29
25-11-19,3133.64
26-11-19,3140.52
27-11-19,3153.63
29-11-19,3140.98
02-12-19,3113.87
03-12-19,3093.2
04-12-19,3112.76
05-12-19,3117.43
06-12-19,3145.91
09-12-19,3135.96
10-12-19,3132.52
11-12-19,3141.63
12-12-19,3168.57
13-12-19,3168.8
16-12-19,3191.45
17-12-19,3192.52
18-12-19,3191.14
19-12-19,3205.37
20-12-19,3221.22
23-12-19,3224.01
24-12-19,3223.38
26-12-19,3239.91
27-12-19,3240.02
30-12-19,3221.29
31-12-19,3230.78
02-01-20,3257.85
03-01-20,3234.85
06-01-20,3246.28
07-01-20,3237.18
08-01-20,3253.05
09-01-20,3274.7
10-01-20,3265.35
13-01-20,3288.13
14-01-20,3283.15
15-01-20,3289.29
16-01-20,3316.81
17-01-20,3329.62
21-01-20,3320.79
22-01-20,3321.75
23-01-20,3325.54
24-01-20,3295.47
27-01-20,3243.63
28-01-20,3276.24
29-01-20,3273.4
30-01-20,3283.66
31-01-20,3225.52
03-02-20,3248.92
04-02-20,3297.59
05-02-20,3334.69
06-02-20,3345.78
07-02-20,3327.71
10-02-20,3352.09
11-02-20,3357.75
12-02-20,3379.45
13-02-20,3373.94
14-02-20,3380.16
18-02-20,3370.29
19-02-20,3386.15
20-02-20,3373.23
21-02-20,3337.75
24-02-20,3225.89
25-02-20,3128.21
26-02-20,3116.39
27-02-20,2978.76
28-02-20,2954.22
02-03-20,3090.23
03-03-20,3003.37
04-03-20,3130.12
05-03-20,3023.94
06-03-20,2972.37
09-03-20,2746.56
10-03-20,2882.23
11-03-20,2741.38
12-03-20,2480.64
13-03-20,2711.02
16-03-20,2386.13
17-03-20,2529.19
18-03-20,2398.1
19-03-20,2409.39
20-03-20,2304.92
23-03-20,2237.4
24-03-20,2447.33
25-03-20,2475.56
26-03-20,2630.07
27-03-20,2541.47
30-03-20,2626.65
31-03-20,2584.59
01-04-20,2470.5
02-04-20,2526.9
03-04-20,2488.65
06-04-20,2663.68
07-04-20,2659.41
08-04-20,2749.98
09-04-20,2789.82
13-04-20,2761.63
14-04-20,2846.06
15-04-20,2783.36
16-04-20,2799.55
17-04-20,2874.56
20-04-20,2823.16
21-04-20,2736.56
22-04-20,2799.31
23-04-20,2797.80
24-04-20,2836.74
27-04-20,2878.48
28-04-20,2863.39
29-04-20,2939.51
30-04-20,2912.43
01-05-20,2830.71
04-05-20,2842.74
05-05-20,2868.44
06-05-20,2848.42
07-05-20,2881.19
08-05-20,2929.80
11-05-20,2930.19
12-05-20,2870.12
13-05-20,2820.00
14-05-20,2852.50
15-05-20,2863.70
18-05-20,2953.91
19-05-20,2922.94
20-05-20,2971.61
21-05-20,2948.51
22-05-20,2955.45
26-05-20,2991.77
27-05-20,3036.13
28-05-20,3029.73
29-05-20,3044.31
01-06-20,3055.73
02-06-20,3080.82
03-06-20,3122.87
04-06-20,3112.35
05-06-20,3193.93
08-06-20,3232.39
09-06-20,3207.18
10-06-20,3190.14
11-06-20,3002.10
12-06-20,3041.31
15-06-20,3066.59
16-06-20,3124.74
17-06-20,3113.49
18-06-20,3115.34
19-06-20,3097.74
22-06-20,3117.86
23-06-20,3131.29
24-06-20,3050.33
25-06-20,3083.76
26-06-20,3009.05
29-06-20,3053.24
30-06-20,3100.29
01-07-20,3115.86
02-07-20,3130.01
06-07-20,3179.72
07-07-20,3145.32
08-07-20,3169.94
09-07-20,3152.05
10-07-20,3185.04
13-07-20,3155.22
14-07-20,3197.52
15-07-20,3226.56
16-07-20,3215.57
17-07-20,3224.73
20-07-20,3251.84
21-07-20,3257.30
22-07-20,3276.02
23-07-20,3235.66
24-07-20,3215.63
27-07-20,3239.41
28-07-20,3218.44
29-07-20,3258.44
30-07-20,3246.22
31-07-20,3271.12
03-08-20,3294.61
04-08-20,3306.51
05-08-20,3327.77
06-08-20,3349.16
07-08-20,3351.28
10-08-20,3360.47
11-08-20,3333.69
12-08-20,3380.35
13-08-20,3373.43
14-08-20,3372.85
17-08-20,3381.99
18-08-20,3389.78
19-08-20,3374.85
20-08-20,3385.51
21-08-20,3397.16
24-08-20,3431.28
25-08-20,3443.62
26-08-20,3478.73
27-08-20,3484.55
28-08-20,3508.01
31-08-20,3500.31
01-09-20,3526.65
02-09-20,3580.84
03-09-20,3455.06
04-09-20,3426.96
08-09-20,3331.84
09-09-20,3398.96
10-09-20,3339.19
11-09-20,3340.97
14-09-20,3383.54
15-09-20,3401.20
16-09-20,3385.49
17-09-20,3357.01
18-09-20,3319.47
21-09-20,3281.06
22-09-20,3315.57
23-09-20,3236.92
24-09-20,3246.59
25-09-20,3298.46
28-09-20,3351.60
29-09-20,3335.47
30-09-20,3363.00
01-10-20,3380.80
02-10-20,3348.42
05-10-20,3408.60
06-10-20,3360.97
07-10-20,3419.44
08-10-20,3446.83
09-10-20,3477.14
12-10-20,3534.22
13-10-20,3511.93
14-10-20,3488.67
15-10-20,3483.34
16-10-20,3483.81
19-10-20,3426.92
20-10-20,3443.12
21-10-20,3435.56
22-10-20,3453.49
23-10-20,3465.39
26-10-20,3400.97
27-10-20,3390.68
28-10-20,3271.03
29-10-20,3310.11
30-10-20,3269.96
02-11-20,3310.24
03-11-20,3369.16
04-11-20,3443.44
05-11-20,3510.45
06-11-20,3509.44
09-11-20,3550.50
10-11-20,3545.53
11-11-20,3572.66
12-11-20,3537.01
13-11-20,3585.15
16-11-20,3626.91
17-11-20,3609.53
18-11-20,3567.79
19-11-20,3581.87
20-11-20,3557.54
23-11-20,3577.59
24-11-20,3635.41
25-11-20,3629.65
27-11-20,3638.35
30-11-20,3621.63
01-12-20,3662.45
02-12-20,3669.01
03-12-20,3666.72
04-12-20,3699.12
07-12-20,3691.96
08-12-20,3702.25
09-12-20,3672.82
10-12-20,3668.10
11-12-20,3663.46
14-12-20,3647.49
15-12-20,3694.62
16-12-20,3701.17
17-12-20,3722.48
18-12-20,3709.41
21-12-20,3694.92
22-12-20,3687.26
23-12-20,3690.01
24-12-20,3703.06
28-12-20,3735.36
29-12-20,3727.04
30-12-20,3732.04
31-12-20,3756.07
04-01-21,3700.65
05-01-21,3726.86
06-01-21,3748.14
07-01-21,3803.79
08-01-21,3824.68
11-01-21,3799.61
12-01-21,3801.19
13-01-21,3809.84
14-01-21,3795.54
15-01-21,3768.25
19-01-21,3798.91
20-01-21,3851.85
21-01-21,3853.07
22-01-21,3841.47
25-01-21,3855.36
26-01-21,3849.62
27-01-21,3750.77
28-01-21,3787.38
29-01-21,3714.24
01-02-21,3773.86
02-02-21,3826.31
03-02-21,3830.17
04-02-21,3871.74
05-02-21,3886.83
08-02-21,3915.59
09-02-21,3911.23
10-02-21,3909.88
11-02-21,3916.38
12-02-21,3934.83
16-02-21,3932.59
17-02-21,3931.33
18-02-21,3913.97
19-02-21,3906.71
22-02-21,3876.50
23-02-21,3881.37
24-02-21,3925.43
25-02-21,3829.34
26-02-21,3811.15
01-03-21,3901.82
02-03-21,3870.29
03-03-21,3819.72
04-03-21,3768.47
05-03-21,3841.94
08-03-21,3821.35
09-03-21,3875.44
10-03-21,3898.81
11-03-21,3939.34
12-03-21,3943.34
15-03-21,3968.94
16-03-21,3962.71
17-03-21,3974.12
18-03-21,3915.46
19-03-21,3913.10
22-03-21,3940.59
23-03-21,3910.52
24-03-21,3889.14
25-03-21,3909.52
26-03-21,3974.54
29-03-21,3971.09
30-03-21,3958.55
31-03-21,3972.89
01-04-21,4019.87
05-04-21,4077.91
06-04-21,4073.94
07-04-21,4079.95
08-04-21,4097.17
09-04-21,4128.80
12-04-21,4127.99
13-04-21,4141.59
14-04-21,4124.66
15-04-21,4170.42
16-04-21,4185.47
19-04-21,4163.26
20-04-21,4134.94
21-04-21,4173.42
22-04-21,4134.98
23-04-21,4180.17
26-04-21,4187.62
27-04-21,4186.72
28-04-21,4183.18
29-04-21,4211.47
30-04-21,4181.17
03-05-21,4192.66
04-05-21,4164.66
05-05-21,4167.59
06-05-21,4201.62
07-05-21,4232.60
10-05-21,4188.43
11-05-21,4152.10
12-05-21,4063.04
13-05-21,4112.50
14-05-21,4173.85
17-05-21,4163.29
18-05-21,4127.83
19-05-21,4115.68
20-05-21,4159.12
21-05-21,4155.86
24-05-21,4197.05
25-05-21,4188.13
26-05-21,4195.99
27-05-21,4200.88